session_id,counselor,customer_name,chat_type,start_time,end_time,satisfaction_score,resolved,notes,fee
1,30,김승민,기타,2025-06-02 06:49:38.311205,2025-05-16 19:14:25.686629,2,True,Non dolores aperiam laborum eveniet. Omnis veniam quia nulla fugiat assumenda. Voluptatum natus porro est magni ducimus.,4885
2,44,강경숙,기타,2025-05-18 12:23:42.858466,2025-05-14 13:49:25.619495,1,True,Nobis illum quo dignissimos. Architecto nulla quae mollitia laudantium ad facilis. Sed suscipit deserunt consectetur autem natus quibusdam.,1055
3,8,이지연,기타,2025-05-14 14:09:32.445297,2025-05-21 22:19:02.345580,4,True,Vel in dignissimos modi. Nobis numquam optio vel unde.,2601
4,24,신영호,채팅,2025-05-24 23:05:29.472439,2025-05-10 01:17:53.234201,1,True,"Assumenda dicta consequatur ratione tempora. Aut itaque neque laudantium sequi.
Cum sapiente sed earum quaerat velit.",429
5,44,이미숙,채팅,2025-05-31 09:01:34.790286,2025-05-16 13:04:49.996933,4,True,Odio nobis accusamus deleniti maiores voluptates corporis. Molestias placeat laudantium dignissimos reprehenderit blanditiis doloremque.,710
6,45,조지은,전화,2025-05-08 19:50:59.710384,2025-05-12 14:44:11.095903,2,False,Beatae reiciendis atque. Fuga libero provident minus rem. Iste quis impedit. Distinctio incidunt occaecati suscipit.,719
7,20,서영환,채팅,2025-05-26 06:16:44.401328,2025-06-01 01:41:34.689795,1,True,Exercitationem pariatur consequatur sit. Ipsum debitis beatae dignissimos.,686
8,46,오예지,기타,2025-05-08 23:48:31.457011,2025-05-23 08:46:04.610523,2,True,Itaque eaque eaque ratione vero. Doloribus debitis quisquam delectus aut. Nisi et natus necessitatibus iusto.,3985
9,45,김승현,전화,2025-05-10 19:56:51.419338,2025-05-27 20:01:53.144533,4,True,Fuga fugit ipsa rem nostrum quis. Quis voluptatem quos ipsam officiis nostrum id.,2682
10,38,노은영,기타,2025-05-29 07:20:54.023376,2025-05-13 22:20:39.658098,2,True,"Provident laudantium ad similique ipsam quae.
Iste molestiae odit fugiat. Enim nam quas quo tenetur.",245
11,5,김경희,전화,2025-05-10 14:10:46.997745,2025-05-03 02:22:21.903047,3,False,Dolorem quod tempora. Assumenda voluptates aperiam eveniet velit natus deleniti aut.,3660
12,1,이수민,전화,2025-05-12 12:34:49.488600,2025-05-22 04:44:57.976642,2,False,Similique iusto optio sint optio. Est est aliquam eaque impedit mollitia reprehenderit fugit.,3748
13,15,김준서,기타,2025-05-14 16:42:02.206193,2025-05-26 03:44:21.649985,4,True,Dolorum temporibus est excepturi hic. Quo placeat suscipit doloribus facilis cum.,749
14,50,김보람,전화,2025-05-27 14:03:14.914045,2025-05-07 01:56:13.790043,3,True,Provident commodi rem non sequi. Architecto in repellat ipsam esse.,4835
15,12,이우진,기타,2025-05-16 12:00:09.875702,2025-05-27 00:35:15.012505,1,True,Praesentium expedita ipsam aspernatur est ducimus neque. Itaque facere commodi in architecto. Voluptatem recusandae architecto facere.,922
16,38,이예지,채팅,2025-05-03 17:39:07.856522,2025-05-08 00:44:26.622976,1,True,"Omnis odit quae soluta voluptatem. Omnis ipsa dignissimos velit ut iusto rem. Facere facere aliquam.
Illo nam possimus illo et. Ipsum esse commodi.",4257
17,43,고현지,전화,2025-05-24 07:05:38.803474,2025-05-21 19:59:08.713226,3,True,Aspernatur minus dolores beatae vel suscipit ea cumque. Sunt delectus illum corporis. Error officiis rem iusto maiores sint placeat debitis.,3369
18,32,한미영,기타,2025-05-14 01:12:02.653490,2025-05-03 05:38:49.566727,5,False,Sunt temporibus dolores repudiandae asperiores perferendis aliquid.,2926
19,2,송은서,기타,2025-05-30 03:07:35.777899,2025-05-08 15:19:52.350020,1,True,"Maiores aliquid consectetur esse.
Fuga perspiciatis vel delectus ab. Eveniet minus nemo ratione voluptas.",1838
20,40,박성훈,전화,2025-05-21 02:42:00.579646,2025-05-21 01:56:04.721300,5,True,Corporis at et. Accusamus voluptates impedit odio architecto neque alias.,4955
21,6,박도윤,채팅,2025-05-09 06:58:29.689641,2025-06-01 15:29:43.775300,2,True,"Vel quia reprehenderit assumenda error error. Sed illum ipsum aut ut.
Dolor voluptate molestiae quidem natus odio.",418
22,10,박영숙,채팅,2025-05-26 08:45:23.143290,2025-05-13 10:38:40.814420,5,True,Voluptas perferendis adipisci expedita. Amet animi dicta fuga ipsa.,1133
23,35,김보람,기타,2025-05-17 04:08:29.183578,2025-06-01 15:58:33.945352,3,True,Possimus quas reiciendis magnam veritatis temporibus quia quod. Vel tempore ex totam veritatis nam.,2978
24,44,백서윤,채팅,2025-06-02 06:26:49.693048,2025-05-06 20:19:18.208429,2,True,"Neque possimus tenetur nulla.
Voluptas ab nesciunt animi dicta atque tempore. Quibusdam facere illum est itaque ex possimus.",2173
25,40,김지우,채팅,2025-05-02 23:20:34.787734,2025-06-01 17:59:31.986644,3,True,Maxime molestiae enim sed aperiam asperiores. Harum consequuntur iure. Qui culpa libero.,1103
26,14,박은서,채팅,2025-05-31 22:53:59.586934,2025-05-08 22:24:01.067293,4,True,Repellendus veritatis natus aut fugit. Consequatur asperiores deleniti sapiente ex.,3624
27,27,류지민,기타,2025-05-31 02:56:35.551508,2025-05-27 05:34:43.128030,4,True,Ex repudiandae eaque eveniet occaecati quisquam. Minus velit odit non nihil.,3712
28,16,김예진,전화,2025-05-20 11:11:56.700722,2025-05-20 04:26:51.820947,2,True,Libero saepe ipsum quas autem tempora. Nulla aperiam sunt rem natus quam. Incidunt odit earum animi quo harum.,4022
29,20,김춘자,기타,2025-05-13 09:26:26.456594,2025-05-04 02:54:07.707793,1,True,"Dicta quos dolorum doloremque sint architecto numquam. Consequuntur nisi laborum quidem unde.
Maiores doloremque maxime laboriosam.",435
30,36,구은지,기타,2025-05-04 11:21:49.790968,2025-05-26 23:20:41.261960,2,True,Natus cumque aliquam voluptates quae. Officiis non sequi deleniti a.,893
31,45,박윤서,기타,2025-05-31 23:27:31.618510,2025-05-24 04:18:35.604884,2,True,Minima sunt nam quae quia deleniti ratione fugiat.,2733
32,27,박영환,전화,2025-05-08 13:52:21.620005,2025-05-16 18:22:51.167824,2,True,Earum tempora autem placeat maxime est. Magnam reprehenderit voluptatum.,2099
33,38,이예은,기타,2025-05-16 02:46:54.074816,2025-05-03 08:04:37.021176,3,False,Et explicabo ipsam eligendi expedita iste aliquam. Nihil dignissimos libero totam nisi. Possimus autem vero eveniet.,2610
34,12,허미영,전화,2025-05-10 03:15:47.807712,2025-05-20 04:15:15.964079,1,False,"Suscipit voluptates rerum error ipsum.
Quis omnis libero consequatur. Consectetur voluptas amet maxime fugiat dolores.",2284
35,28,안혜진,전화,2025-05-02 23:40:40.745942,2025-05-23 08:12:59.489311,4,True,Aut ea officiis quo odio. Cum quaerat cum enim excepturi. Vero dolor fugit atque ipsum quis expedita.,1562
36,27,최종수,기타,2025-05-07 23:23:27.577756,2025-05-08 00:46:13.737523,4,True,Sint tenetur esse minus impedit. Nulla ipsa cumque aliquam ipsum omnis voluptatibus.,4199
37,8,김명자,채팅,2025-05-30 07:26:51.369031,2025-05-30 04:15:31.730647,2,True,Ullam harum animi eveniet pariatur. Consectetur error in unde fugit excepturi nobis. Maiores assumenda illo laudantium sed numquam excepturi.,699
38,25,최서준,기타,2025-06-01 10:27:30.260215,2025-05-12 19:13:33.883739,1,False,Doloremque possimus tempore optio quasi laborum. Accusantium placeat modi. Ex vel placeat ipsum dicta.,514
39,29,김우진,채팅,2025-05-12 06:02:21.618873,2025-05-15 10:47:20.691520,3,True,Facere illo voluptates animi explicabo numquam. Repellendus eum ullam commodi libero architecto hic doloremque.,1320
40,40,이도윤,전화,2025-05-22 21:59:31.408388,2025-05-18 18:14:13.140924,4,False,"Saepe hic vitae neque. Sit ullam fuga voluptatum optio.
Ab corrupti earum earum. Officiis quis officiis quia totam officia consectetur.",3660
41,27,김지아,채팅,2025-05-13 18:07:11.558194,2025-06-01 17:27:48.110547,5,True,Ex iusto ea cumque aut voluptas atque. Exercitationem voluptatum tenetur ipsam est. Inventore ducimus quos sit architecto numquam.,1157
42,23,이예은,기타,2025-05-16 01:18:19.344448,2025-05-26 19:19:09.314500,4,False,Ea recusandae aperiam amet dolores perspiciatis illum. Sint quaerat sapiente odio quos eaque. Eaque sapiente libero cum nobis maiores.,415
43,14,김혜진,전화,2025-05-12 12:22:04.836905,2025-05-20 13:16:39.362939,4,True,Quaerat voluptatibus a cumque ad nam. Esse harum similique voluptatum in.,4842
44,50,고서준,채팅,2025-05-22 02:33:06.126553,2025-05-14 02:15:13.157093,5,True,Amet doloremque eveniet. Quas quidem ipsum tempore aliquid nisi. Delectus corrupti et. Possimus quae quisquam labore.,4455
45,36,허지은,전화,2025-05-18 23:27:25.683584,2025-05-08 07:52:59.079647,1,True,"Temporibus officia non debitis.
Laborum ab dolore facere occaecati iste illo.
Laudantium inventore architecto. Labore nihil sunt soluta modi.",2522
46,9,한승민,채팅,2025-05-05 19:00:16.911415,2025-05-07 12:16:52.549784,3,True,Veniam autem et dolores. Odit ab suscipit facilis. Velit similique recusandae nesciunt. Animi soluta perferendis eligendi maiores amet.,4648
47,20,최정자,기타,2025-05-18 02:15:29.368957,2025-05-25 04:07:59.563739,5,True,Vitae necessitatibus incidunt beatae deserunt animi. Repellendus sunt necessitatibus modi repellat quibusdam facilis.,2156
48,33,안영숙,기타,2025-05-03 20:32:39.331705,2025-05-17 17:21:26.291340,3,True,Molestiae eligendi omnis cumque. Ab nisi quibusdam a. Itaque nemo illo repudiandae consectetur.,833
49,49,심정훈,기타,2025-05-12 09:21:17.423986,2025-05-05 17:10:09.800368,4,True,Reiciendis sint debitis id delectus. Possimus alias sit quam assumenda pariatur placeat. Quibusdam recusandae eius sed.,3617
50,33,김숙자,채팅,2025-05-10 09:29:35.106260,2025-05-31 23:53:19.019089,1,True,Harum minima dignissimos minima quaerat magni. Atque esse animi.,1299
51,15,장성민,전화,2025-05-31 03:53:03.646910,2025-05-08 02:31:35.184588,1,True,"Iusto delectus excepturi. Nesciunt asperiores cumque numquam aperiam facilis harum minima.
Quas sequi totam aliquid. Et fugiat recusandae autem.",2478
52,44,남아름,전화,2025-05-24 20:39:04.433223,2025-05-09 10:47:16.827805,2,False,Sunt earum quae odio dolor nemo debitis. Excepturi earum quas tempora. Id quos veritatis animi repudiandae.,4405
53,25,강건우,기타,2025-05-08 21:23:20.289250,2025-05-04 19:51:16.930539,3,True,"Praesentium asperiores impedit repellat voluptatibus.
Vero magni accusamus temporibus. Sint doloribus dolor velit tenetur impedit.",3057
54,13,성중수,전화,2025-05-21 22:27:21.328022,2025-05-04 00:01:55.974316,2,True,Nulla aperiam eveniet voluptatibus eligendi unde.,3972
55,11,이민재,기타,2025-06-02 06:20:29.331656,2025-05-20 23:09:48.883421,5,True,Labore nisi consequatur a impedit quae eius possimus. Molestiae aperiam sit fugiat assumenda sequi. Ipsam ullam maiores deleniti eligendi corporis.,2350
56,33,이도윤,기타,2025-05-27 19:15:23.414798,2025-05-19 19:55:34.236826,2,True,Perferendis illo fugit sed libero aliquam vitae temporibus. Vel placeat voluptatem cupiditate mollitia minima.,4568
57,45,성민준,전화,2025-05-28 17:25:49.157748,2025-05-06 11:57:25.209015,3,True,Laborum fugit mollitia quos magnam repellendus voluptate. Tempore fugit quo temporibus explicabo. Ratione labore maiores voluptatum odio quam.,3347
58,9,이주원,채팅,2025-05-20 14:48:12.590333,2025-05-15 09:14:02.290831,3,True,Necessitatibus maxime sit labore nemo est debitis. Corporis voluptatem consequuntur labore.,2711
59,31,서아름,채팅,2025-05-09 04:56:18.074561,2025-05-25 13:22:12.612791,1,True,"Unde natus voluptatum ipsam. Iusto deleniti eveniet molestiae. Enim voluptate blanditiis illum.
Accusantium illo non. Iste hic tempore officia porro.",2765
60,30,남성현,기타,2025-05-16 21:05:55.550421,2025-05-11 15:05:39.913606,2,True,Debitis recusandae praesentium deleniti ab. Ipsum illum nisi reiciendis.,1112
61,40,김보람,채팅,2025-05-04 17:01:59.954603,2025-05-14 20:48:21.479070,5,True,Quisquam porro veniam a ut corporis exercitationem placeat. Porro eligendi ducimus quas unde officiis. Possimus sunt quasi aliquid.,3816
62,26,김민준,전화,2025-05-18 12:38:11.228999,2025-05-09 17:54:32.333778,5,True,Fugit culpa adipisci provident. Consequatur praesentium quis commodi deserunt blanditiis necessitatibus molestias.,3153
63,44,민영식,기타,2025-05-21 12:40:22.662193,2025-05-13 08:02:54.199841,1,True,In rem qui est atque eaque. Dolorum a illo vero quos. Dignissimos tenetur odit eveniet non.,3695
64,38,권성훈,전화,2025-05-12 15:42:59.869680,2025-05-16 03:42:10.671049,5,True,"Suscipit incidunt quisquam aliquam voluptatem. Labore molestiae reiciendis.
Tempora in possimus. Blanditiis incidunt sit in quod.",3537
65,1,김서윤,채팅,2025-05-21 22:18:00.682608,2025-05-26 16:33:19.032631,1,False,Aut beatae neque eius. Corporis delectus est esse distinctio. Eligendi vel atque accusantium vero vel nemo. Illo saepe quae enim maiores harum.,688
66,45,고도윤,전화,2025-05-21 14:51:08.535100,2025-05-26 05:06:39.721926,4,True,Nemo quos labore. Dolor accusamus non ab dolor cumque. Repellendus accusantium quae iste.,2183
67,9,이병철,기타,2025-05-11 07:41:45.518646,2025-05-12 06:28:02.741630,1,False,Id nihil a laborum vel harum. Facere temporibus est. Facilis laborum dolores quae odit eveniet. Culpa provident iusto est nemo totam.,445
68,22,이현준,전화,2025-05-27 14:53:04.172668,2025-05-03 23:52:27.238754,5,True,Dolore occaecati officia repellat vel. Facilis repudiandae rem sequi saepe est. Sint est velit accusantium non earum.,1567
69,4,김영진,전화,2025-05-05 21:14:15.047175,2025-05-21 02:31:19.718252,1,True,Dolore ab accusantium. Hic magni perferendis quidem. Expedita ipsum ad et vitae eaque.,987
70,1,백광수,전화,2025-05-20 12:27:41.906119,2025-05-22 15:40:34.905659,2,True,Deleniti quasi aliquid dolorum voluptatum excepturi recusandae. Dicta accusamus rem modi neque odit commodi. Quos minus animi libero quae adipisci.,4395
71,3,김순자,채팅,2025-05-03 18:53:59.969573,2025-05-24 01:52:00.643611,1,True,Voluptatibus expedita aliquam quis. Maxime qui nobis reprehenderit.,165
72,2,한현우,채팅,2025-05-27 00:25:58.263227,2025-05-09 01:07:05.985374,3,True,Natus explicabo voluptatum. Animi magnam totam quod.,2219
73,23,김영수,전화,2025-05-08 11:25:32.125185,2025-05-21 01:34:01.663275,4,False,At quidem expedita aperiam laboriosam ut nemo. Atque ratione vel autem quam.,501
74,11,이예준,전화,2025-05-16 17:28:21.336370,2025-05-29 20:05:48.116793,2,True,Placeat rerum laboriosam alias soluta. Veniam eveniet alias accusantium. Sunt aperiam rem provident.,3377
75,31,황정호,기타,2025-05-27 20:11:40.244961,2025-05-07 07:49:03.804008,5,False,Dolor voluptas nisi saepe. Cumque debitis enim commodi laboriosam odio.,3594
76,45,권영미,채팅,2025-05-27 12:23:14.533782,2025-05-04 23:13:13.146914,2,True,Doloribus doloribus accusantium eveniet fugiat quae quis. Nemo laboriosam ipsa reiciendis quibusdam. Harum dicta rem omnis mollitia.,3321
77,35,강수진,채팅,2025-05-23 19:14:47.157161,2025-05-03 17:01:33.019010,1,True,Dolor deleniti harum vel illo ratione libero porro. Quibusdam doloribus consequuntur facere modi possimus vel.,2595
78,43,이영자,기타,2025-05-22 10:30:46.859367,2025-05-15 22:36:50.251498,2,True,Vitae sequi nulla aut iure rem eum repellat. Consequatur consequatur eius ab sint voluptatem cum. Ad quo suscipit voluptatum.,2645
79,44,송정호,채팅,2025-05-22 23:09:41.895800,2025-05-26 13:09:33.522608,4,True,Quis reiciendis id iste enim sed repellat repellat. Facere inventore culpa. Architecto provident omnis eos ullam soluta error molestias.,35
80,49,조윤서,기타,2025-05-17 02:06:08.808531,2025-05-10 19:10:21.442250,3,True,Quas ipsa saepe sit iste asperiores. Labore incidunt placeat at rerum.,3306
81,42,장정웅,채팅,2025-05-13 16:43:00.983655,2025-05-03 00:52:12.509762,2,True,Quod necessitatibus autem corporis at consequatur. Modi fuga magnam inventore. A ex exercitationem ipsam veritatis voluptatum.,4740
82,9,송지민,기타,2025-05-19 19:24:51.721383,2025-05-30 08:01:45.295444,2,True,"Vero provident debitis voluptatum.
Ratione aut rem veritatis beatae autem sequi.",4671
83,47,서영미,기타,2025-05-06 19:19:47.332177,2025-05-29 21:09:46.530951,1,True,"Illo error sequi dolore. Expedita eum doloremque libero ullam incidunt eos.
Doloribus natus earum nulla quod. Occaecati sequi explicabo.",1149
84,45,심정식,채팅,2025-05-31 00:00:56.084363,2025-05-18 15:44:03.513297,3,True,Esse in commodi adipisci voluptate excepturi. Laudantium nostrum quos dolore repudiandae accusantium. At quidem porro beatae id.,379
85,34,이미영,기타,2025-05-08 11:40:25.296883,2025-05-15 07:07:53.306289,4,True,"Ad beatae suscipit dolorem quisquam. Ut possimus minima nam sit fuga.
Iste totam illo. Fugiat ut nesciunt expedita.",4370
86,22,남영일,채팅,2025-05-14 07:03:37.021067,2025-05-06 19:06:18.344516,3,True,Doloremque alias non adipisci in. Temporibus et dolor.,237
87,38,박아름,채팅,2025-05-08 21:43:28.549139,2025-05-15 12:43:42.690382,2,True,Ipsam ab asperiores unde magni quaerat dolores. Fugit consectetur laboriosam adipisci a. Et mollitia accusamus eveniet.,600
88,19,주서현,전화,2025-05-11 03:57:16.877796,2025-05-09 02:13:39.307862,3,True,Iste nisi dolorum sit. Earum nisi dolores fuga.,1527
89,38,오옥순,전화,2025-05-06 10:09:41.706505,2025-05-21 13:26:49.986107,5,True,A maiores maiores quidem. Illo eveniet quas aperiam. Debitis veniam illo.,4439
90,27,이준서,채팅,2025-05-21 02:27:34.111369,2025-06-01 17:08:17.953823,3,True,Perspiciatis similique quibusdam sequi pariatur illum iusto. Nisi voluptatibus debitis. Possimus sint sit omnis iusto aliquam quas earum.,1536
91,46,문중수,전화,2025-05-07 21:54:08.199059,2025-05-18 14:00:22.888409,4,False,Saepe facilis corrupti. Consequuntur nihil consectetur dolorum corrupti delectus. Quaerat qui dolor nesciunt reiciendis laborum qui.,3609
92,20,이하윤,전화,2025-05-06 19:14:38.694469,2025-05-05 11:46:55.579637,5,True,Nihil architecto id id impedit aut deleniti beatae.,3344
93,31,한영길,기타,2025-05-26 20:11:03.160357,2025-05-19 12:51:29.912977,2,True,Quibusdam cum eveniet et distinctio ab. Voluptas asperiores ullam ad. Vel velit tempore architecto vitae voluptates quasi.,3165
94,4,문명자,채팅,2025-06-01 15:47:03.047235,2025-05-04 13:27:59.876902,3,True,Facilis ducimus fugiat voluptas. Adipisci maxime dolorum.,2343
95,33,윤영일,기타,2025-05-23 09:03:07.198691,2025-05-12 00:59:28.854788,5,True,"Aut iure saepe architecto minima amet. Ipsam accusamus ratione nisi ut.
Dolorem molestiae animi atque commodi.",3816
96,11,이상호,전화,2025-05-31 17:53:45.975174,2025-05-22 06:43:23.973747,5,True,Quod minus eveniet temporibus. Magni harum quis incidunt. Dolore voluptates expedita necessitatibus dicta quaerat cupiditate.,19
97,11,박영수,기타,2025-05-09 16:03:55.470718,2025-05-19 20:26:59.739713,1,True,"Iure odio odit facere natus quibusdam.
Possimus ab fugiat dolorem suscipit libero. Harum debitis delectus temporibus.",2750
98,33,최선영,채팅,2025-05-13 02:35:35.473567,2025-05-10 05:31:45.511790,2,True,Quasi perspiciatis adipisci nam. Architecto eveniet ad quas. Dolores debitis dolorum quos sequi mollitia distinctio perferendis.,1250
99,37,박지현,채팅,2025-05-04 03:08:13.275404,2025-05-31 15:04:30.522278,3,True,Expedita placeat asperiores culpa modi. Autem adipisci fuga repellat. Sequi inventore laboriosam ea.,877
100,12,김성진,기타,2025-05-19 22:01:12.337167,2025-05-10 21:51:38.889077,3,True,Rerum minus exercitationem. Id soluta repellendus sed libero id. Consectetur deleniti a eveniet.,2090
101,7,심서윤,채팅,2025-05-28 09:44:04.999892,2025-05-04 10:46:16.927939,5,False,Magnam quidem eius quidem iure harum. Quos quae consequatur praesentium nostrum. Quae sequi quas molestias rem magni.,3089
102,7,서정웅,채팅,2025-05-04 02:34:05.846563,2025-05-16 09:57:53.411828,3,True,Alias cumque optio dolore iste. Tempora labore officiis a deserunt cumque.,3448
103,29,김지민,기타,2025-05-20 14:21:46.418496,2025-05-30 11:17:07.176891,5,False,Ratione quidem ut iusto quis expedita fugit. Officiis repellat quasi quos libero.,3786
104,44,김정수,기타,2025-05-11 05:43:22.495525,2025-05-21 07:02:47.416544,5,True,Autem exercitationem quas asperiores. Doloribus eum doloribus maxime. Quibusdam incidunt fugit facere.,4636
105,22,김은서,전화,2025-05-22 07:36:46.749548,2025-05-15 20:48:34.062313,4,True,"Suscipit eius iure sequi autem tempore.
Inventore perspiciatis suscipit nemo exercitationem consequatur. Iste doloribus architecto similique.",4865
106,4,양영숙,기타,2025-05-16 09:08:57.639500,2025-05-23 00:31:34.879990,5,True,Debitis repudiandae expedita dolores. Commodi voluptas ipsum perferendis consequatur.,2166
107,19,황준영,전화,2025-05-03 00:55:30.070230,2025-05-10 07:55:37.355940,2,True,Sit quam neque aliquam quidem laudantium voluptas. Dolorum minus vero consequuntur ipsum ipsam. Dolorem maxime aperiam illum laudantium rem.,1055
108,20,이재호,채팅,2025-05-10 03:17:56.262818,2025-05-09 03:32:46.251498,5,True,"Quo maiores tempore officia. Eaque ad labore consectetur.
Officiis tempora earum. Nobis nemo nostrum eos hic. Odio sapiente impedit maxime unde.",1871
109,7,유경자,기타,2025-05-31 02:18:41.180475,2025-05-24 14:54:46.627282,1,True,Illum alias sapiente quae animi quia. Optio consequatur vero libero libero omnis amet. Quidem quos et.,586
110,18,이재호,기타,2025-05-23 15:44:10.938640,2025-05-10 18:26:07.811044,4,True,Laborum recusandae autem ratione sunt placeat. Vero aperiam eius eaque officiis voluptatem.,1326
111,39,이진호,기타,2025-05-15 20:05:46.533290,2025-05-31 16:58:40.002247,3,True,Eligendi inventore reiciendis nostrum labore ipsa cupiditate. Earum earum eos vel minus.,1117
112,10,남숙자,채팅,2025-05-30 08:27:10.879471,2025-05-15 08:55:49.059722,3,True,Illo quidem ducimus laudantium. Odio atque sint consequuntur nulla. Natus sapiente eum omnis ducimus nihil.,4118
113,49,권민지,전화,2025-05-31 14:00:10.335365,2025-05-17 22:29:41.117561,3,True,"Ipsum in quo voluptate corrupti. Commodi sed perferendis saepe.
Nesciunt rem nemo quas.",1779
114,33,이옥자,기타,2025-05-14 10:22:45.570724,2025-05-24 08:22:36.843202,1,True,Eaque explicabo quae deleniti vel. Qui blanditiis alias minima tempore iure.,271
115,30,김민지,채팅,2025-05-12 11:35:19.430585,2025-05-07 06:55:21.694371,5,True,Nulla mollitia molestias suscipit iste dolore. Sunt soluta eligendi doloribus consectetur molestias nemo perferendis. Totam vero explicabo at.,4053
116,17,박지연,기타,2025-05-17 15:26:24.060986,2025-05-03 02:36:16.697183,3,True,"Porro minus labore. Impedit doloribus eos commodi eius facere.
Nisi dolorum dolor at. Aliquam voluptates itaque quas non ad repellat.",1751
117,17,성경숙,기타,2025-05-10 02:15:42.103138,2025-05-29 22:31:51.443381,1,True,"Ab vel cupiditate reiciendis dolorum a. Ut mollitia illum culpa hic amet quo.
Voluptatem sequi a nostrum. Quis odit vitae.",1431
118,43,조서준,전화,2025-05-22 12:10:07.584814,2025-05-24 22:34:36.147263,3,True,Laudantium magnam sed excepturi. Provident magni commodi accusamus.,2194
119,26,김은주,전화,2025-05-12 22:42:55.919343,2025-05-20 10:17:57.924769,1,True,Praesentium aliquam maxime mollitia aspernatur corrupti tempora. Voluptates ipsum earum beatae cupiditate deleniti aspernatur.,3613
120,26,박주원,채팅,2025-05-15 16:03:25.745414,2025-05-24 13:47:43.741126,4,True,Natus dolorem aliquid vel rerum eaque quidem aliquam. Quibusdam ipsam velit quod vero magnam eum. Dicta id perspiciatis eius quam incidunt.,1194
121,11,김재호,채팅,2025-05-11 11:00:48.723974,2025-06-02 00:40:12.750820,2,True,Suscipit aliquid nobis quos. Tempora doloremque doloribus illo voluptatem distinctio.,2558
122,31,류현지,기타,2025-05-16 06:03:17.633480,2025-05-20 06:12:38.997351,1,True,Est soluta autem explicabo incidunt. Nobis illo eaque saepe iure laborum maiores. Placeat sed aut et in laborum. Fugiat earum praesentium.,980
123,35,임경숙,기타,2025-05-08 18:24:23.838319,2025-05-18 05:31:33.904872,1,True,Iure quis officiis aperiam debitis. Dicta sint nemo delectus id ex. Voluptates corrupti in.,2054
124,28,김지후,채팅,2025-05-06 06:56:14.965689,2025-05-30 08:25:50.245416,1,True,Ad ducimus possimus ab quos. Facilis numquam accusantium accusantium voluptatem quae dolores. Earum minima tenetur ab voluptatem architecto dolorum.,2273
125,39,김혜진,전화,2025-05-20 20:25:07.811873,2025-05-26 21:41:03.936728,4,False,Molestias magnam omnis inventore repudiandae perferendis deserunt. Ipsum amet provident sint pariatur doloribus tenetur.,2781
126,41,박경숙,전화,2025-05-19 21:55:16.861677,2025-05-19 00:31:17.625880,3,False,Nesciunt suscipit eum est expedita molestias. Porro quia ipsa iure facere quia. Natus odit amet voluptatum.,672
127,34,이병철,기타,2025-05-17 10:57:38.599280,2025-05-28 17:33:36.613627,1,True,Beatae ab facere corporis reprehenderit eaque neque ex. Qui inventore qui fugiat. Natus consequuntur suscipit.,4424
128,9,한춘자,기타,2025-05-25 08:53:01.508398,2025-05-25 04:58:54.656624,2,True,"Cupiditate voluptas inventore reiciendis. Delectus velit animi corporis.
Fugit nobis itaque nisi esse. Ut ipsam nemo.",2755
129,9,김지훈,전화,2025-05-26 12:12:44.201966,2025-05-14 13:42:36.155239,5,True,Perspiciatis voluptatibus aut reiciendis. Animi culpa commodi commodi.,3175
130,4,김은서,기타,2025-05-31 13:34:30.172165,2025-05-06 21:01:44.659785,2,False,"Odio incidunt sunt eum alias cupiditate voluptatem.
Rerum rem numquam eligendi suscipit quo.",595
131,42,배상훈,기타,2025-05-17 01:18:43.208069,2025-05-03 20:28:59.197302,4,True,Dolor atque delectus tempora. Incidunt neque voluptatum odit nemo voluptates est illo. Quos excepturi sapiente vitae eligendi.,522
132,34,장병철,기타,2025-06-01 16:43:15.238170,2025-05-26 15:39:21.836678,1,True,Molestias nisi unde officiis ea.,3178
133,49,이정웅,채팅,2025-05-23 20:56:25.767310,2025-05-19 18:12:01.864414,3,True,Inventore ipsam itaque nisi laborum. Eveniet earum labore illum voluptatem.,1419
134,1,정준영,전화,2025-05-22 17:27:34.806679,2025-05-06 09:33:30.186994,5,True,Numquam doloribus eos unde et cum. Esse suscipit perferendis maxime iste minus.,935
135,12,이은영,기타,2025-05-11 09:08:19.585862,2025-05-17 11:24:23.848242,3,False,Repudiandae tempora itaque modi consequatur id sint. Magnam debitis repellat velit tempore. Commodi corrupti impedit.,1044
136,8,박종수,전화,2025-05-14 18:28:05.613096,2025-05-17 03:21:59.501282,1,True,Vitae quam veritatis corporis quod quasi error. Sed enim assumenda reiciendis.,942
137,10,황지영,채팅,2025-05-09 07:06:53.999318,2025-05-19 16:06:25.393218,1,True,Mollitia cupiditate ipsum. Possimus hic ducimus ullam eum dolorum animi.,4583
138,36,김지원,기타,2025-05-14 04:28:50.151365,2025-05-17 10:38:04.432344,3,True,Consequatur placeat veniam maiores accusamus sed accusantium. Sapiente vitae unde mollitia rem. Necessitatibus dolorem sapiente id.,1709
139,3,고동현,채팅,2025-05-23 13:03:02.442822,2025-05-09 22:44:53.085440,1,True,Debitis deserunt perspiciatis rerum. Debitis nostrum quia exercitationem illo accusamus illo.,4056
140,50,심미경,채팅,2025-05-29 04:07:56.547943,2025-05-08 23:08:07.254572,3,True,"Quisquam explicabo quod velit consequuntur esse. Repudiandae expedita quos.
Placeat corporis incidunt sed quia adipisci in. Libero earum numquam.",3131
141,25,최하은,기타,2025-05-08 14:50:15.121669,2025-05-21 15:35:28.462041,4,True,Pariatur explicabo libero magni explicabo. Assumenda laboriosam tenetur dolorem recusandae dignissimos.,1809
142,18,손채원,채팅,2025-05-31 03:37:12.270218,2025-05-07 18:37:37.126268,1,True,Veritatis reprehenderit suscipit sequi. Tempora corporis libero eos rem quia deleniti maiores.,2086
143,44,이성훈,기타,2025-05-23 19:11:14.616859,2025-05-25 01:49:17.809291,5,True,Dolor ratione quasi eos. Assumenda dignissimos alias adipisci odio. Nihil aliquam nulla totam sunt.,3236
144,11,박정웅,채팅,2025-05-17 07:21:57.216440,2025-05-20 23:06:39.498557,5,True,Aliquam rem ipsam eos cumque. Velit aliquid porro repellat quaerat tempora ducimus odio. Quia commodi nam quia ex eveniet.,2848
145,36,이현숙,전화,2025-05-17 16:26:29.901596,2025-05-13 05:22:35.644293,3,True,Officiis deserunt iste doloribus dolore distinctio consequatur. Magni dolores ea sequi incidunt.,4897
146,41,진지아,기타,2025-05-03 08:24:15.422525,2025-05-28 20:51:55.398875,2,False,Amet qui earum accusantium eius deserunt fugit. Fugit hic nobis nesciunt.,1081
147,9,류예지,전화,2025-05-07 22:04:56.954164,2025-05-05 09:35:24.494042,3,True,Porro enim dolores dicta odit fugiat voluptates reprehenderit. Quasi et deleniti rem quaerat optio id eos.,3053
148,15,오아름,채팅,2025-05-15 00:10:05.399064,2025-05-23 07:17:03.669525,2,True,Error sequi ipsum illum. Molestias nostrum fuga magni nobis exercitationem. Culpa vitae alias velit explicabo.,2402
149,19,오서현,기타,2025-05-26 12:26:19.983231,2025-05-28 22:43:27.915638,3,True,"Blanditiis delectus eum qui quae officiis.
Earum modi reprehenderit dicta commodi aliquid. Rerum omnis eum eum perspiciatis debitis velit.",2965
150,26,권은주,전화,2025-05-18 11:20:39.376985,2025-05-04 14:22:42.780885,5,True,Praesentium qui occaecati. Adipisci doloremque quidem dolore deserunt asperiores atque. Nulla culpa modi deserunt.,3754
151,15,조현정,채팅,2025-06-01 10:20:49.476322,2025-05-31 08:19:03.229317,4,True,Recusandae ad aspernatur tempore excepturi iure. Nam totam aliquid eligendi delectus ad voluptate.,3814
152,45,손정남,전화,2025-05-08 00:23:03.555704,2025-05-21 16:48:07.640477,1,True,Praesentium dolores magnam dignissimos illum harum. Sequi beatae dolore commodi nihil.,2164
153,31,이영수,기타,2025-05-19 14:03:07.236680,2025-05-17 07:45:41.027300,4,True,Sed voluptatum commodi voluptatum deleniti inventore. Quos pariatur fuga voluptates consectetur necessitatibus.,4249
154,45,전영자,기타,2025-05-12 06:50:35.834090,2025-05-23 01:23:05.589077,4,False,Excepturi fugit possimus dolore atque natus. Repellat quaerat provident ea. Illo natus quasi maiores ducimus.,1578
155,10,김미정,기타,2025-05-04 05:42:57.552817,2025-05-05 08:24:30.884779,1,False,Facilis eaque perferendis nesciunt. Laboriosam repellat occaecati praesentium temporibus. Eius repudiandae voluptatem autem.,1012
156,29,송경수,전화,2025-05-09 22:28:21.279730,2025-05-28 11:05:01.861378,5,True,Officia eius culpa deleniti. Dolorum inventore quo ipsam dolorem perspiciatis natus rerum.,2837
157,38,이정순,채팅,2025-05-25 03:13:04.144193,2025-05-18 17:59:07.166393,4,True,Et cum sit repudiandae vero quaerat autem. Dignissimos quam dolorum similique amet. Autem quos est. Quaerat quaerat porro recusandae fuga nam ab.,1537
158,28,이예은,기타,2025-05-18 10:50:55.145189,2025-05-19 01:45:10.145302,2,True,Tempora alias labore exercitationem rerum illum voluptatum. Sapiente rerum nam. Ducimus quam similique ducimus.,2653
159,28,이윤서,채팅,2025-05-07 18:15:55.209651,2025-05-15 22:39:28.247709,5,True,Aut inventore sequi odit odio. Accusamus dolorum esse dolorem culpa quia. Sit voluptatibus praesentium veritatis illo commodi.,3636
160,28,박상호,채팅,2025-06-01 20:06:43.148084,2025-06-01 00:59:39.298742,5,True,Similique quaerat tempora aut eligendi. Cum reiciendis incidunt fugit praesentium facilis quaerat sed.,845
161,39,진정남,기타,2025-05-20 07:54:25.494495,2025-05-13 01:12:49.345808,1,True,Quo hic dolores modi at tenetur fugit. Quas nemo odit. Illo vitae hic atque dignissimos eum.,3541
162,24,서지후,채팅,2025-05-14 08:51:35.819293,2025-05-24 17:45:16.162155,4,True,Quasi aspernatur inventore maiores. Corrupti fugiat voluptatum illo autem laudantium possimus.,4734
163,24,하은서,기타,2025-05-14 23:20:52.235939,2025-05-27 23:48:01.522574,1,True,Voluptate accusamus possimus corrupti rem eos porro. Error saepe corrupti laborum repudiandae ipsam in. Esse voluptates veniam id quis natus.,429
164,9,이병철,기타,2025-05-05 18:45:02.653050,2025-05-08 04:14:57.936650,5,True,Nesciunt corporis nesciunt aliquid vero cumque nostrum. Explicabo repudiandae facilis soluta magni dicta.,1130
165,2,이하은,전화,2025-05-06 05:17:23.523074,2025-05-21 11:07:35.041002,5,True,Tempora quam ab nam repudiandae quaerat eligendi. Asperiores at libero corrupti vel soluta.,4830
166,28,김영환,전화,2025-05-03 12:16:01.792421,2025-05-11 05:33:29.298038,2,True,Ipsa placeat possimus. Sunt illum veritatis magni adipisci eius porro.,2127
167,17,이상철,전화,2025-05-23 22:57:25.599001,2025-05-03 06:11:11.873258,1,True,"Laborum eveniet consequuntur aut ipsum ut unde.
Debitis enim veritatis nemo magni a. Unde non consequuntur repellendus mollitia. Quia et ex maxime.",3627
168,32,손진호,채팅,2025-05-05 16:03:34.369668,2025-05-11 02:56:33.471395,4,True,Reprehenderit temporibus voluptatibus fugit illum quia aliquid. Quaerat consequatur id aliquam praesentium.,662
169,23,심준혁,기타,2025-05-06 06:46:13.425921,2025-05-08 15:52:16.587301,3,True,Repudiandae odio tempora. Est repellat accusamus animi ipsum eius.,4422
170,49,이영숙,채팅,2025-05-10 06:50:52.036595,2025-05-22 09:09:42.568710,5,True,Aperiam recusandae explicabo atque dolor commodi dolore. Sequi veniam quae laboriosam dolorem.,1128
171,16,고경자,전화,2025-05-18 04:41:18.315313,2025-05-24 06:00:47.777231,5,True,Provident consectetur corrupti. Laudantium perspiciatis in blanditiis nobis consectetur fuga.,2017
172,20,이진호,전화,2025-05-17 10:50:13.745501,2025-05-29 20:14:46.023793,1,True,Impedit veniam expedita mollitia assumenda voluptatibus. Ipsa harum adipisci cupiditate blanditiis.,2167
173,15,손지우,채팅,2025-05-05 05:48:53.089217,2025-05-22 06:10:17.439475,3,True,Ullam aut deleniti omnis molestias. Veritatis voluptatum aut hic.,3431
174,9,최우진,전화,2025-05-10 06:15:01.489516,2025-05-05 14:01:08.907883,3,True,"Quia dolorum error aperiam animi. Unde ab sint distinctio tenetur iure earum. Explicabo sit fugiat eligendi a ex.
Quod quod ipsum dolorem.",722
175,22,권경숙,기타,2025-05-19 06:01:55.699884,2025-05-05 23:04:21.631410,4,True,Laborum magnam facere odio. Tempore totam ab labore dicta.,4341
176,8,김정희,기타,2025-05-10 02:11:42.870393,2025-06-02 07:56:36.253108,5,False,Pariatur et reprehenderit nisi blanditiis quia. Totam atque laudantium totam officiis quae voluptatum esse. Doloribus sit nihil consequuntur.,4551
177,36,류지현,기타,2025-05-07 23:14:52.890209,2025-05-26 18:39:05.728222,1,True,"Vero sit autem totam earum. Quidem laudantium odit eveniet.
Architecto repellat ipsum commodi provident. Beatae nostrum velit accusamus numquam.",354
178,26,류숙자,전화,2025-05-07 15:53:16.153003,2025-05-19 04:02:39.357555,3,False,Temporibus quis maxime placeat. Quae mollitia illo a esse.,1588
179,23,김병철,채팅,2025-05-22 11:32:25.365389,2025-05-25 18:33:03.758557,4,True,Quod exercitationem dolorem et illum harum voluptatibus.,1305
180,8,한준호,채팅,2025-05-11 02:04:03.324745,2025-05-03 22:28:14.284038,3,True,Fugiat tenetur accusamus adipisci non assumenda ipsum. Id natus eos voluptate eaque cum quas iure. Pariatur illo tenetur similique eveniet enim.,585
181,42,장지후,채팅,2025-05-04 00:42:53.285065,2025-05-25 06:46:16.682294,3,True,Quam explicabo at magni inventore aut. Illum rem officiis officia dolor vel. Neque officiis mollitia ex voluptatem.,3672
182,42,최경수,전화,2025-05-08 06:38:17.900012,2025-05-14 20:32:44.025296,3,True,Nostrum quod illo odio nulla. Voluptatem cum nulla recusandae et error ducimus. Ab reprehenderit iste dicta officiis nisi.,1527
183,13,백수빈,채팅,2025-05-10 04:30:24.024446,2025-05-25 17:29:03.379991,3,True,Iusto illo sit harum odit blanditiis sequi eligendi. Placeat officia occaecati excepturi. Rerum velit nihil autem distinctio asperiores.,3208
184,2,박영순,전화,2025-05-29 01:07:03.254994,2025-05-16 09:17:28.085935,1,True,Facilis adipisci libero aut corrupti cum. Impedit consequuntur repellat dolorem corrupti.,3088
185,11,임명숙,채팅,2025-05-21 12:44:28.332733,2025-06-01 10:14:08.076460,4,True,Iure deleniti excepturi quos praesentium. Magnam minus alias corrupti omnis maxime quis veritatis.,3321
186,4,배지아,전화,2025-05-20 02:40:34.226732,2025-05-28 14:11:22.006188,3,True,A earum veniam soluta. Blanditiis nihil eveniet harum.,4028
187,18,박민재,기타,2025-05-26 10:18:28.537020,2025-05-17 22:26:37.927753,3,True,Nostrum accusamus provident nobis possimus perferendis et. Assumenda error quis ipsa.,3249
188,5,안영희,전화,2025-05-12 23:15:41.629317,2025-05-26 00:48:30.592027,2,False,Autem omnis illo repellendus officia accusamus. Earum libero sapiente. Modi laboriosam totam officiis.,4309
189,11,이영자,기타,2025-05-26 15:10:49.743667,2025-05-09 11:58:06.686496,1,True,Cumque eligendi praesentium natus quibusdam vero. Tempore iste fugit quia atque.,4265
190,39,김광수,전화,2025-05-27 17:50:57.645153,2025-05-05 19:11:08.503694,5,True,In nihil id dignissimos modi vel asperiores cum.,3479
191,29,이서현,채팅,2025-05-16 02:25:59.821675,2025-06-01 20:20:41.384013,5,True,"Totam sunt sunt occaecati impedit alias. Rem aliquid qui.
Odio animi ad error suscipit quae culpa aut. Quo cum fugit quisquam doloribus.",747
192,23,주성진,전화,2025-05-20 08:02:17.462444,2025-05-05 05:00:06.968373,3,False,Numquam harum eius. Illum fugiat aut ducimus quaerat totam.,4949
193,38,송재현,전화,2025-05-31 06:24:58.471789,2025-05-06 20:47:43.691180,3,True,Laudantium tempora quis quidem corrupti vero corrupti. Laborum ab placeat enim. Unde consectetur totam cupiditate excepturi in fuga.,225
194,5,김현주,전화,2025-05-10 03:42:49.470644,2025-05-22 23:58:12.360021,3,False,Necessitatibus soluta commodi nulla fugiat cum corrupti ducimus. Amet distinctio eaque sapiente esse sed tempore. Neque optio nihil in.,3328
195,37,박영자,전화,2025-05-11 14:17:37.590694,2025-05-12 13:44:12.752467,5,True,Optio deleniti eveniet et iste. Corrupti labore cupiditate atque assumenda molestiae. Autem corporis saepe aspernatur.,3083
196,37,김지훈,채팅,2025-05-30 17:31:26.697474,2025-05-11 09:01:46.729499,2,True,Laborum ut dicta enim neque.,3945
197,15,이민지,전화,2025-05-10 09:30:23.437192,2025-05-14 00:02:47.164728,1,True,"Quae a excepturi. Aperiam veniam soluta odit atque numquam enim.
Deleniti velit iste quasi numquam.",2462
198,3,이서현,기타,2025-05-16 18:20:34.834546,2025-05-03 17:18:11.680631,3,True,Iure quam accusamus nostrum. Ipsa aut libero corrupti numquam aspernatur omnis. Ipsam maxime velit iure quas accusamus occaecati.,1196
199,38,김지연,기타,2025-05-08 14:23:28.339486,2025-05-21 10:46:14.715685,1,True,Asperiores explicabo sequi eligendi assumenda. Quaerat dolorum sint ex recusandae iusto laborum.,4111
200,28,김정호,전화,2025-05-24 00:59:01.095942,2025-05-08 01:00:54.661081,2,True,Officiis sunt commodi explicabo consequatur voluptas architecto. Odit ut excepturi quas. Nostrum aspernatur recusandae.,541
