result_id,takers_id,test_type,test_date,completion_time,total_score,personality_type,stress_level,validity_check,report_generated
1,192,MMPI,2025-05-31,23,102,ENTP,낮음,True,True
2,31,MMPI,2025-03-28,25,100,ENFP,매우높음,True,True
3,108,Big5,2024-08-21,119,79,ENTJ,매우높음,True,True
4,159,MBTI,2025-03-13,20,77,None,높음,True,True
5,83,MMPI,2024-10-14,106,106,ENFP,높음,False,True
6,183,MMPI,2025-04-11,110,133,ESTP,보통,True,False
7,91,Big5,2024-11-01,91,140,ENTJ,낮음,False,True
8,188,MBTI,2025-04-13,90,106,ISFP,높음,True,False
9,24,MMPI,2025-03-18,57,126,ENFP,높음,True,True
10,103,MMPI,2025-01-09,61,64,ISFJ,매우높음,True,False
11,95,MBTI,2024-10-31,52,148,ESTP,매우높음,True,True
12,52,NEO-PI-R,2025-05-02,19,138,ENFP,매우높음,True,False
13,161,MBTI,2024-12-16,102,97,ISFP,매우높음,True,False
14,143,MMPI,2025-03-07,70,137,ENTJ,낮음,True,True
15,37,MBTI,2024-07-26,49,66,INFP,높음,True,True
16,37,NEO-PI-R,2024-10-24,28,138,ENTP,보통,True,True
17,5,Big5,2025-04-02,87,82,INTJ,보통,False,True
18,119,NEO-PI-R,2024-09-09,104,92,ISFP,낮음,True,False
19,111,NEO-PI-R,2024-11-09,80,88,ENTJ,매우높음,True,True
20,94,MBTI,2025-02-25,106,96,ISFJ,높음,True,True
21,178,Big5,2025-01-09,106,110,INTJ,보통,True,True
22,5,MMPI,2024-12-20,90,85,ENTP,보통,True,True
23,151,MBTI,2025-02-24,36,145,INFP,매우높음,True,False
24,93,MMPI,2025-05-18,71,129,None,보통,True,True
25,80,NEO-PI-R,2025-03-21,83,50,ISFP,매우높음,True,True
26,100,CPI,2024-12-16,77,101,ESTP,낮음,True,True
27,63,Big5,2024-10-10,99,84,ENTP,보통,True,True
28,119,MMPI,2024-07-02,24,95,None,보통,True,True
29,20,CPI,2024-06-08,88,73,ENTP,매우높음,True,True
30,197,NEO-PI-R,2024-06-21,23,105,INTJ,매우높음,True,False
31,114,MMPI,2025-03-27,59,120,ENFP,보통,True,False
32,37,MMPI,2025-01-09,80,134,ENTP,높음,True,True
33,80,NEO-PI-R,2024-06-18,16,89,ENFP,매우높음,True,True
34,39,MMPI,2025-04-12,45,52,ISFP,낮음,True,False
35,122,NEO-PI-R,2024-10-20,39,56,None,높음,True,False
36,133,CPI,2025-05-26,54,51,ENTP,보통,True,True
37,151,Big5,2025-04-23,80,60,ISFJ,보통,True,True
38,60,NEO-PI-R,2025-03-06,97,128,ESTP,매우높음,True,True
39,68,MBTI,2025-02-20,101,109,ENTJ,매우높음,True,True
40,57,NEO-PI-R,2024-09-25,87,87,ISFJ,낮음,True,True
41,176,MBTI,2025-02-07,58,63,ESTP,낮음,True,True
42,103,MBTI,2024-06-29,102,142,INTJ,낮음,False,True
43,14,MBTI,2024-10-13,43,114,ENTJ,매우높음,True,True
44,25,Big5,2024-12-06,104,111,ISFP,매우높음,True,True
45,73,NEO-PI-R,2024-06-03,39,90,ISFP,보통,True,True
46,97,NEO-PI-R,2024-12-18,81,75,INFP,보통,True,True
47,29,MMPI,2025-04-18,104,95,ESTP,매우높음,True,True
48,144,Big5,2024-08-31,60,113,ENFP,매우높음,True,True
49,158,CPI,2024-06-13,32,145,ENTJ,높음,True,True
50,32,Big5,2024-10-21,50,109,ENTJ,높음,True,True
51,76,MBTI,2024-10-25,81,53,INFP,매우높음,False,True
52,30,MBTI,2025-02-27,92,87,INTJ,보통,True,True
53,169,CPI,2024-06-04,84,85,ENFP,매우높음,True,True
54,18,NEO-PI-R,2024-09-22,100,112,None,매우높음,True,True
55,106,NEO-PI-R,2024-08-31,75,62,ISFP,낮음,True,True
56,87,Big5,2025-02-11,83,118,ISFP,보통,True,True
57,53,CPI,2025-05-23,58,55,INTJ,높음,True,True
58,66,Big5,2024-12-01,87,83,None,보통,False,False
59,50,CPI,2025-05-30,48,117,None,낮음,True,True
60,139,NEO-PI-R,2025-01-26,42,143,ISFP,매우높음,True,True
61,173,NEO-PI-R,2024-12-23,105,100,INTJ,매우높음,True,True
62,24,MBTI,2025-05-17,53,92,None,매우높음,True,True
63,194,MMPI,2025-02-26,72,118,ISFJ,높음,True,True
64,40,MMPI,2025-01-05,108,123,ENTJ,보통,True,False
65,172,CPI,2024-11-28,81,128,ISFP,매우높음,True,True
66,179,NEO-PI-R,2024-11-08,43,143,ISFP,보통,True,True
67,58,CPI,2024-06-30,22,127,ESTP,보통,True,True
68,67,MBTI,2024-07-18,57,103,INFP,매우높음,True,True
69,54,CPI,2024-07-08,30,65,ESTP,낮음,True,True
70,78,MMPI,2024-10-25,52,51,INTJ,높음,True,True
71,77,CPI,2024-12-31,72,147,ISFJ,매우높음,True,True
72,140,MMPI,2024-07-11,85,110,None,높음,True,True
73,116,NEO-PI-R,2025-05-31,22,81,ENTP,낮음,True,True
74,133,MBTI,2024-11-30,97,116,ENTJ,높음,True,False
75,177,Big5,2025-04-06,55,55,ENTJ,높음,True,True
76,48,CPI,2025-04-30,51,125,ISFP,보통,True,True
77,176,CPI,2025-04-16,96,68,ENTP,낮음,False,True
78,163,CPI,2024-12-09,103,123,None,보통,True,True
79,29,Big5,2024-12-04,107,124,ENFP,낮음,True,True
80,128,MMPI,2024-07-15,46,93,INFP,높음,True,True
81,118,MBTI,2025-05-30,117,131,ESTP,높음,True,True
82,47,CPI,2024-11-21,81,132,ESTP,보통,True,False
83,192,CPI,2024-06-03,30,66,ENFP,보통,True,True
84,156,MMPI,2025-01-31,89,145,INFP,매우높음,True,True
85,145,MMPI,2025-04-13,30,75,ENTJ,낮음,True,True
86,112,CPI,2024-07-20,98,147,ISFJ,높음,True,True
87,171,MBTI,2025-04-01,41,93,ESTP,높음,True,True
88,189,MBTI,2025-02-27,102,149,ENTP,낮음,True,True
89,117,MMPI,2024-09-07,31,54,INFP,매우높음,True,True
90,83,NEO-PI-R,2024-12-31,104,127,ESTP,매우높음,True,True
91,149,CPI,2025-01-09,91,85,ENTP,보통,True,True
92,135,MBTI,2025-04-13,107,77,INTJ,보통,True,True
93,50,CPI,2025-05-21,67,148,ENFP,높음,True,True
94,29,CPI,2024-08-24,94,129,INFP,매우높음,True,True
95,112,MBTI,2024-06-16,48,87,INFP,낮음,True,True
96,11,Big5,2024-06-11,29,139,ESTP,매우높음,True,True
97,102,MBTI,2024-12-29,40,90,ISFP,낮음,True,True
98,98,MBTI,2024-07-03,64,142,ISFJ,높음,False,True
99,53,NEO-PI-R,2024-07-08,100,126,ENTP,높음,True,False
100,83,Big5,2024-09-20,37,117,ENFP,낮음,True,True
101,44,Big5,2025-04-24,35,84,ENTJ,높음,True,True
102,173,Big5,2024-08-09,57,102,ESTP,낮음,True,True
103,55,Big5,2025-01-29,76,50,ISFP,높음,True,True
104,107,MMPI,2024-12-01,64,57,INFP,매우높음,True,True
105,187,NEO-PI-R,2025-04-08,64,122,ENTJ,낮음,True,True
106,97,CPI,2025-02-26,97,76,ESTP,보통,True,True
107,33,Big5,2024-09-27,111,68,INFP,낮음,True,True
108,78,MBTI,2025-01-13,32,101,ISFJ,낮음,True,True
109,56,NEO-PI-R,2024-06-08,52,125,ENTP,낮음,True,True
110,88,NEO-PI-R,2024-08-17,96,78,INFP,보통,False,True
111,199,MMPI,2024-06-27,43,93,INTJ,보통,True,True
112,89,NEO-PI-R,2024-11-13,55,147,INTJ,매우높음,False,False
113,36,NEO-PI-R,2024-10-28,60,147,ISFP,보통,True,True
114,28,Big5,2024-12-23,87,115,ENTJ,높음,True,True
115,70,MMPI,2025-01-23,68,114,ISFJ,낮음,False,True
116,103,CPI,2025-01-14,29,112,ENTP,보통,True,True
117,176,MMPI,2024-06-23,116,137,ENFP,보통,True,True
118,182,NEO-PI-R,2024-07-04,99,71,INFP,보통,True,True
119,166,Big5,2024-11-30,51,130,ESTP,낮음,True,False
120,87,Big5,2024-08-05,83,87,ENTP,보통,True,True
121,141,MBTI,2024-06-05,30,130,INTJ,높음,True,True
122,145,MBTI,2024-12-14,19,115,None,높음,True,False
123,160,NEO-PI-R,2024-11-19,74,106,INFP,낮음,True,True
124,175,MBTI,2024-12-29,26,80,ESTP,보통,True,True
125,18,CPI,2025-01-20,33,94,ESTP,보통,True,False
126,114,NEO-PI-R,2024-06-28,83,61,ENFP,매우높음,True,True
127,111,MBTI,2025-05-29,39,87,ISFP,높음,True,True
128,195,CPI,2025-04-19,110,53,INTJ,높음,True,True
129,2,MMPI,2025-01-11,27,75,ISFJ,매우높음,True,False
130,179,CPI,2025-01-14,86,126,ISFP,보통,True,True
131,131,MBTI,2025-05-13,63,121,INTJ,높음,True,True
132,157,MBTI,2024-12-28,120,103,INFP,높음,True,True
133,127,MMPI,2024-07-03,72,113,ENTJ,보통,True,True
134,181,NEO-PI-R,2024-06-12,53,138,INFP,높음,True,True
135,81,MBTI,2024-10-12,116,137,None,보통,True,True
136,14,MBTI,2024-11-21,26,103,ENTJ,높음,True,True
137,166,NEO-PI-R,2025-02-05,74,82,INTJ,보통,True,True
138,103,CPI,2025-04-10,16,130,None,높음,True,True
139,76,MBTI,2024-12-03,27,143,ESTP,낮음,True,True
140,21,CPI,2024-09-22,15,68,ISFJ,높음,True,True
141,144,CPI,2024-12-26,118,101,INTJ,높음,True,True
142,26,Big5,2024-06-20,62,106,ENFP,보통,True,True
143,122,Big5,2025-02-17,54,59,ENTP,높음,True,True
144,90,MMPI,2024-09-11,117,101,None,매우높음,True,False
145,53,NEO-PI-R,2025-04-25,63,112,ENFP,낮음,False,True
146,180,NEO-PI-R,2024-12-09,90,101,ENTP,낮음,True,True
147,39,MBTI,2024-12-27,105,150,ENTJ,낮음,True,True
148,161,MBTI,2024-09-11,17,105,ENTJ,낮음,True,True
149,51,MBTI,2024-10-15,58,79,INFP,높음,True,True
150,30,NEO-PI-R,2024-07-18,23,118,ENFP,높음,False,True
151,95,MBTI,2025-04-15,20,84,ENTP,보통,True,True
152,108,NEO-PI-R,2025-01-31,95,143,ESTP,매우높음,True,True
153,84,NEO-PI-R,2024-12-26,20,74,ISFP,낮음,True,True
154,83,MBTI,2024-09-06,18,130,ENFP,매우높음,True,True
155,104,CPI,2025-02-01,60,76,None,높음,True,False
156,169,CPI,2024-12-07,98,105,None,높음,True,False
157,88,NEO-PI-R,2025-01-04,81,90,ISFJ,보통,True,True
158,37,MBTI,2024-11-02,62,104,INTJ,보통,True,True
159,195,MMPI,2025-04-02,120,85,ISFP,매우높음,True,True
160,152,Big5,2024-07-19,79,144,INTJ,낮음,True,True
161,115,MMPI,2025-04-10,65,97,INFP,매우높음,False,True
162,81,NEO-PI-R,2024-10-15,33,99,INFP,높음,True,True
163,49,CPI,2024-09-25,37,65,INTJ,보통,True,False
164,7,MBTI,2025-04-21,44,82,ISFP,매우높음,True,False
165,15,MMPI,2025-03-15,31,139,ENFP,매우높음,True,True
166,15,Big5,2024-06-27,55,83,ISFP,낮음,True,True
167,18,CPI,2025-05-11,48,56,ENTP,낮음,True,True
168,112,MBTI,2025-01-12,39,72,INTJ,낮음,True,True
169,115,NEO-PI-R,2024-10-08,89,52,INFP,보통,True,True
170,176,CPI,2025-05-13,28,104,INTJ,매우높음,False,True
171,127,Big5,2025-02-09,57,82,ISFP,매우높음,True,True
172,36,Big5,2024-07-03,25,71,ISFJ,높음,False,True
173,87,MMPI,2024-07-21,91,84,INTJ,보통,False,True
174,45,CPI,2025-03-24,84,68,ENTJ,매우높음,True,True
175,27,MMPI,2024-12-24,22,108,INTJ,높음,False,True
176,175,MMPI,2025-02-08,39,136,INTJ,낮음,True,False
177,194,NEO-PI-R,2025-03-09,78,134,ISFP,보통,True,True
178,155,MMPI,2025-03-14,18,150,INFP,낮음,True,True
179,168,Big5,2025-05-18,54,60,ENFP,낮음,True,True
180,79,NEO-PI-R,2024-10-22,50,109,ESTP,매우높음,True,False
181,14,NEO-PI-R,2024-10-18,116,57,ENTJ,높음,False,True
182,138,NEO-PI-R,2024-08-10,53,144,INFP,매우높음,True,True
183,143,NEO-PI-R,2024-07-23,48,90,ESTP,매우높음,True,True
184,24,CPI,2025-03-10,75,121,ESTP,높음,True,True
185,81,NEO-PI-R,2025-03-23,32,134,ENTJ,보통,True,False
186,35,MMPI,2024-12-13,71,111,ENTP,매우높음,False,True
187,24,Big5,2024-11-15,108,92,ISFP,높음,True,False
188,19,NEO-PI-R,2024-11-25,74,92,INFP,높음,False,False
189,90,MBTI,2024-10-28,95,78,ENTP,매우높음,True,True
190,65,Big5,2025-03-21,87,106,ENTP,매우높음,True,True
191,157,CPI,2024-08-09,106,135,INFP,매우높음,True,False
192,132,MBTI,2024-11-07,112,76,ISFP,높음,True,True
193,18,MMPI,2025-04-28,27,145,INFP,매우높음,True,True
194,164,MMPI,2024-10-14,28,129,ISFP,낮음,True,True
195,63,MBTI,2025-02-23,108,59,ISFJ,높음,False,True
196,156,MMPI,2024-12-25,77,106,ENTP,매우높음,True,True
197,199,NEO-PI-R,2025-03-14,55,108,INTJ,높음,True,True
198,10,Big5,2024-10-31,94,65,ENTP,매우높음,True,True
199,117,NEO-PI-R,2025-02-27,30,135,ESTP,매우높음,False,True
200,150,CPI,2024-09-20,97,131,ESTP,높음,True,True
201,112,NEO-PI-R,2025-04-01,23,82,INTJ,높음,True,True
202,50,Big5,2024-08-13,100,106,ENTP,높음,True,True
203,29,MBTI,2024-06-21,104,72,ENTP,보통,True,True
204,26,Big5,2025-05-01,46,124,ISFJ,높음,True,False
205,5,CPI,2024-12-03,110,56,ISFJ,보통,True,True
206,77,NEO-PI-R,2024-06-18,32,119,None,낮음,True,True
207,63,NEO-PI-R,2025-01-12,51,130,None,낮음,True,True
208,33,NEO-PI-R,2025-03-26,26,117,INFP,높음,True,True
209,7,NEO-PI-R,2024-09-06,82,74,ENFP,낮음,True,True
210,164,CPI,2024-08-10,61,62,INTJ,매우높음,True,True
211,70,NEO-PI-R,2025-01-25,35,68,ENTP,높음,True,False
212,158,Big5,2024-09-25,91,130,ISFJ,보통,True,True
213,33,CPI,2024-12-28,65,64,ISFP,매우높음,True,True
214,184,CPI,2024-07-14,62,115,ENTP,높음,True,True
215,200,Big5,2025-06-01,33,82,ISFJ,낮음,True,True
216,103,MMPI,2024-06-09,22,93,INFP,매우높음,True,True
217,89,Big5,2024-11-28,45,82,None,보통,True,True
218,164,MMPI,2025-05-18,35,79,ENTP,낮음,True,True
219,9,NEO-PI-R,2024-07-06,107,144,ISFJ,보통,True,True
220,82,CPI,2025-03-29,21,95,ESTP,높음,True,True
221,86,MMPI,2024-12-23,36,64,INTJ,보통,True,True
222,104,CPI,2024-12-18,57,135,INTJ,높음,True,True
223,190,MBTI,2025-01-24,55,126,ENFP,매우높음,True,True
224,2,NEO-PI-R,2024-12-19,52,124,ISFJ,높음,True,True
225,137,CPI,2024-07-17,25,105,ISFJ,높음,True,False
226,127,NEO-PI-R,2024-08-13,98,132,ISFP,매우높음,True,True
227,183,MBTI,2024-12-14,117,58,ESTP,보통,True,True
228,73,MBTI,2025-01-13,18,91,INFP,낮음,True,True
229,177,MBTI,2024-10-18,81,79,ISFP,낮음,False,True
230,122,NEO-PI-R,2025-02-13,52,71,ISFP,보통,True,True
231,153,NEO-PI-R,2025-02-25,106,149,ENFP,낮음,True,True
232,87,MBTI,2025-05-14,35,77,ESTP,높음,True,True
233,191,MBTI,2025-01-04,16,94,ISFP,보통,False,True
234,31,MMPI,2024-09-20,84,101,INFP,낮음,True,True
235,124,MMPI,2024-08-30,112,83,ISFJ,높음,True,True
236,37,Big5,2025-04-27,36,94,ISFJ,보통,True,True
237,104,NEO-PI-R,2025-03-21,22,138,ESTP,보통,True,True
238,132,Big5,2024-10-12,93,69,ENTP,높음,True,True
239,137,CPI,2024-10-28,113,90,INFP,보통,True,True
240,69,CPI,2024-06-24,104,72,None,매우높음,True,True
241,82,CPI,2024-08-14,89,50,ENFP,높음,True,True
242,137,CPI,2024-12-14,71,71,ENTP,매우높음,True,True
243,199,NEO-PI-R,2025-03-29,27,120,ENFP,매우높음,True,False
244,105,MBTI,2025-03-04,94,130,ISFP,높음,True,True
245,121,Big5,2024-10-07,57,101,ENTP,보통,True,True
246,48,Big5,2024-09-01,36,112,INFP,보통,True,True
247,122,NEO-PI-R,2025-03-09,95,66,ENTJ,매우높음,True,True
248,52,NEO-PI-R,2024-07-18,119,78,ISFP,보통,True,True
249,173,MMPI,2024-11-13,81,56,ESTP,낮음,True,False
250,142,MMPI,2025-02-05,40,58,ESTP,높음,True,True
251,26,NEO-PI-R,2025-03-15,103,82,None,낮음,True,True
252,102,Big5,2025-01-11,57,74,ENFP,낮음,True,False
253,169,NEO-PI-R,2025-04-11,59,124,None,높음,True,True
254,63,NEO-PI-R,2024-07-25,85,122,ENTP,매우높음,True,True
255,118,Big5,2025-04-29,17,107,INFP,낮음,True,True
256,179,CPI,2025-01-05,78,147,ENFP,높음,True,False
257,12,MBTI,2024-09-05,99,128,ENTP,매우높음,True,True
258,6,MBTI,2024-12-03,19,103,ENTJ,낮음,True,True
259,37,MMPI,2024-12-07,67,130,ENTP,매우높음,True,True
260,3,NEO-PI-R,2025-06-01,106,76,ESTP,낮음,True,True
261,169,CPI,2024-11-03,115,116,INTJ,높음,True,True
262,40,MMPI,2025-04-05,68,142,ISFJ,보통,True,True
263,178,MMPI,2024-06-07,86,70,ISFP,매우높음,True,False
264,18,NEO-PI-R,2024-10-03,86,96,ISFJ,낮음,True,True
265,54,CPI,2024-08-11,109,74,ESTP,보통,True,True
266,196,Big5,2025-01-20,112,68,None,보통,True,False
267,146,NEO-PI-R,2024-12-13,119,84,INFP,높음,True,True
268,64,MBTI,2025-05-05,18,116,ISFJ,높음,True,True
269,78,Big5,2025-05-15,107,137,ESTP,높음,True,True
270,130,MMPI,2024-07-18,107,53,ENTJ,매우높음,True,True
271,80,Big5,2025-05-12,59,141,ISFP,낮음,True,True
272,77,NEO-PI-R,2024-10-24,77,147,ISFP,매우높음,True,True
273,128,CPI,2025-04-15,107,70,INFP,매우높음,True,True
274,84,NEO-PI-R,2024-10-07,63,87,ENTJ,매우높음,True,True
275,53,MMPI,2025-03-10,71,100,INFP,높음,True,False
276,93,MMPI,2024-07-21,41,65,INFP,높음,True,True
277,46,NEO-PI-R,2024-11-17,90,92,ENFP,낮음,True,True
278,8,Big5,2025-02-16,64,54,ISFJ,보통,True,True
279,77,MMPI,2025-01-03,46,84,INTJ,낮음,True,True
280,162,Big5,2025-02-14,119,107,INTJ,낮음,True,False
281,72,MMPI,2025-03-22,98,87,ESTP,매우높음,True,True
282,158,MMPI,2025-04-01,105,82,ENFP,높음,True,True
283,91,NEO-PI-R,2024-09-01,110,66,ESTP,보통,True,True
284,21,CPI,2024-09-10,16,137,INFP,매우높음,True,True
285,56,CPI,2025-05-23,41,128,ESTP,높음,True,True
286,169,CPI,2025-02-07,55,130,INTJ,매우높음,True,True
287,92,MMPI,2024-10-04,94,56,None,매우높음,True,True
288,147,Big5,2025-01-19,108,92,INFP,보통,True,True
289,99,CPI,2024-06-03,92,88,ENTP,보통,True,False
290,83,MMPI,2025-04-23,74,85,ENTJ,매우높음,False,True
291,194,CPI,2024-12-09,90,74,INTJ,낮음,True,True
292,80,CPI,2024-09-08,72,81,ENTP,매우높음,True,True
293,33,MBTI,2024-09-25,48,69,ENTP,낮음,True,False
294,119,Big5,2024-09-26,20,68,ENTJ,보통,True,True
295,166,MBTI,2025-05-25,24,92,ENTJ,보통,True,True
296,89,MBTI,2025-05-02,95,136,None,보통,False,False
297,143,MMPI,2024-12-10,102,52,ENFP,높음,True,True
298,142,NEO-PI-R,2024-11-20,72,121,ESTP,높음,True,True
299,6,NEO-PI-R,2025-01-15,106,107,ENTJ,보통,False,True
300,135,MBTI,2024-11-09,51,94,ENTP,높음,True,True
301,182,MMPI,2025-05-11,108,54,INFP,매우높음,False,True
302,28,Big5,2024-07-24,53,100,ISFP,높음,True,True
303,98,MBTI,2024-10-08,97,80,ESTP,매우높음,True,True
304,66,Big5,2025-04-13,97,113,ENTP,보통,True,False
305,119,Big5,2024-06-21,17,64,INTJ,보통,True,False
306,133,MMPI,2024-07-15,104,88,None,매우높음,True,True
307,160,MMPI,2025-02-19,69,69,INFP,보통,True,True
308,180,MBTI,2024-12-28,68,74,ENFP,매우높음,True,False
309,104,MBTI,2024-11-04,60,52,None,보통,True,True
310,89,NEO-PI-R,2024-11-08,53,63,INFP,낮음,True,False
311,119,Big5,2025-03-25,51,147,ENTJ,보통,True,False
312,152,CPI,2024-07-18,68,133,ENTP,보통,True,True
313,129,MMPI,2024-07-26,41,120,INTJ,높음,True,True
314,164,NEO-PI-R,2024-12-29,102,51,INTJ,낮음,False,True
315,195,NEO-PI-R,2025-05-05,31,131,ESTP,높음,True,True
316,3,MMPI,2025-04-27,97,50,INTJ,보통,True,True
317,131,MMPI,2024-10-24,75,126,INFP,보통,True,True
318,77,Big5,2024-08-30,64,93,ISFP,높음,True,True
319,63,MBTI,2024-09-10,97,142,ISFJ,낮음,True,True
320,153,NEO-PI-R,2024-06-12,61,124,ENTP,낮음,True,True
321,106,CPI,2024-11-10,105,76,INFP,높음,True,True
322,80,MBTI,2025-04-08,72,68,ENTP,낮음,True,True
323,178,Big5,2024-12-24,33,89,ENTJ,매우높음,True,True
324,7,MMPI,2024-06-18,93,77,ENFP,낮음,True,True
325,48,CPI,2024-07-30,27,149,INTJ,낮음,True,True
326,19,MBTI,2025-02-19,71,105,ISFJ,매우높음,True,True
327,181,MMPI,2025-04-03,46,120,INFP,낮음,True,True
328,158,MBTI,2024-09-18,112,75,ENTJ,낮음,True,True
329,144,MBTI,2024-06-01,100,79,ISFJ,매우높음,True,True
330,103,Big5,2024-06-15,119,89,ENTP,낮음,True,True
331,94,MMPI,2025-03-10,91,53,None,보통,True,False
332,14,MBTI,2024-10-06,51,141,None,높음,True,True
333,86,MBTI,2025-01-29,70,150,ISFP,낮음,True,True
334,131,CPI,2025-01-12,48,63,ENTJ,낮음,True,True
335,2,MBTI,2025-01-21,102,64,None,낮음,False,True
336,116,Big5,2024-06-28,53,59,None,낮음,True,True
337,51,MMPI,2025-02-07,115,117,ISFJ,낮음,True,True
338,176,NEO-PI-R,2024-10-07,48,76,ESTP,높음,True,True
339,164,NEO-PI-R,2025-02-05,42,97,ISFJ,높음,True,True
340,159,CPI,2025-05-08,61,140,INTJ,낮음,True,True
341,67,Big5,2025-04-20,76,127,ENFP,낮음,True,False
342,105,CPI,2024-10-16,48,54,INTJ,보통,True,False
343,50,MBTI,2024-10-18,50,72,ESTP,매우높음,False,True
344,97,CPI,2024-08-15,32,122,INTJ,낮음,True,True
345,108,MBTI,2025-03-26,101,55,INTJ,높음,False,True
346,152,NEO-PI-R,2025-03-27,38,115,ENTP,낮음,True,True
347,72,Big5,2024-08-12,55,60,ISFJ,높음,True,True
348,58,MBTI,2024-11-29,51,62,INFP,높음,False,False
349,116,NEO-PI-R,2025-05-01,96,131,None,매우높음,False,True
350,37,MBTI,2024-09-19,25,66,ENTP,매우높음,True,False
351,26,NEO-PI-R,2025-02-13,51,129,ENFP,높음,True,True
352,5,NEO-PI-R,2024-12-20,90,51,ENTJ,매우높음,True,True
353,105,Big5,2025-02-13,41,56,INTJ,낮음,True,True
354,77,MMPI,2024-09-14,93,102,None,높음,True,True
355,191,MMPI,2024-06-06,111,123,ENTP,매우높음,False,True
356,24,MBTI,2025-04-19,80,107,ENTJ,높음,True,False
357,162,MMPI,2024-07-28,70,65,INFP,보통,True,True
358,181,NEO-PI-R,2024-07-27,79,120,INTJ,매우높음,True,True
359,163,CPI,2024-08-06,37,99,ENTJ,높음,True,True
360,127,NEO-PI-R,2025-05-23,53,66,INFP,매우높음,True,True
361,32,MBTI,2025-01-26,43,122,INFP,낮음,True,True
362,115,MBTI,2025-04-07,111,77,ISFJ,매우높음,True,True
363,197,NEO-PI-R,2024-10-12,35,52,ENTP,높음,True,True
364,2,NEO-PI-R,2024-07-05,62,66,ENTP,보통,True,True
365,157,NEO-PI-R,2024-12-13,109,69,ESTP,매우높음,True,True
366,58,MMPI,2025-01-16,99,125,ISFJ,높음,False,True
367,53,NEO-PI-R,2025-02-24,71,57,ISFP,매우높음,False,True
368,182,Big5,2025-05-06,83,140,ESTP,매우높음,True,True
369,88,NEO-PI-R,2025-03-25,33,79,ESTP,보통,True,True
370,83,MBTI,2025-04-01,118,138,None,보통,True,True
371,151,CPI,2024-09-19,70,111,INFP,보통,True,True
372,39,NEO-PI-R,2024-11-09,19,93,ESTP,낮음,True,True
373,48,NEO-PI-R,2024-10-28,77,141,ISFJ,높음,True,True
374,15,Big5,2025-01-20,46,127,ENFP,보통,True,True
375,10,MMPI,2024-11-18,80,86,ENTJ,높음,True,True
376,135,MBTI,2025-01-23,68,53,ISFJ,낮음,True,True
377,8,MMPI,2024-06-05,63,110,None,보통,False,True
378,173,CPI,2024-09-15,82,114,ENTJ,매우높음,True,True
379,119,CPI,2024-12-03,29,69,ISFP,높음,True,False
380,183,Big5,2025-01-25,36,85,ENTJ,낮음,True,True
381,172,NEO-PI-R,2024-08-09,33,52,INFP,보통,True,True
382,175,Big5,2025-01-10,31,133,ENFP,매우높음,True,True
383,175,NEO-PI-R,2024-09-05,108,144,ENFP,높음,True,False
384,17,MMPI,2024-07-24,32,125,ENFP,매우높음,True,True
385,130,CPI,2025-02-08,33,68,ENTJ,높음,True,True
386,154,Big5,2025-01-05,51,101,ENTP,낮음,True,True
387,161,MMPI,2024-12-13,60,69,ENTJ,낮음,True,True
388,195,CPI,2025-05-22,114,123,None,높음,True,False
389,171,CPI,2025-02-15,83,90,INTJ,보통,True,True
390,176,CPI,2024-08-06,97,64,None,낮음,False,True
391,125,MMPI,2025-04-30,24,116,ISFP,매우높음,True,True
392,49,MMPI,2024-08-04,31,66,INTJ,보통,True,True
393,172,CPI,2024-11-02,50,94,INTJ,높음,True,True
394,16,CPI,2024-12-03,74,77,ISFP,매우높음,True,False
395,148,Big5,2024-07-17,28,66,INTJ,보통,True,True
396,31,CPI,2025-05-10,70,102,ISFP,높음,True,True
397,130,CPI,2024-06-02,72,115,ENFP,낮음,True,True
398,175,CPI,2025-03-20,64,81,ENFP,높음,True,True
399,88,MMPI,2024-12-08,77,67,INFP,매우높음,True,True
400,161,CPI,2024-12-19,87,57,INTJ,보통,True,True
