reward_id,project_id,reward_name,reward_amount,reward_tier,delivery_date,message
204,1,문진호,717048,슈퍼후원,2025-06-08 22:58:08.610403,Libero aspernatur hic.
267,13,이미경,824473,얼리버드,2025-06-06 21:15:36.980593,At necessitatibus consequuntur.
153,24,서상호,540553,일반,2025-06-11 17:17:37.094015,Neque ad delectus quaerat doloremque esse. Iste ducimus qui nihil. Esse voluptate porro quam.
10,2,김영진,295922,얼리버드,2025-06-11 01:48:55.012401,Beatae labore quaerat. Eaque a quod. Voluptates laboriosam eum minus vitae.
234,17,이혜진,8577,VIP,2025-06-11 01:07:32.628681,Cum in recusandae amet. Laborum repudiandae nostrum.
227,15,한미경,127457,슈퍼후원,2025-06-12 00:08:11.288350,"Cum tempora ducimus ipsam.
Cupiditate occaecati velit ex facere eaque."
197,28,양은지,473143,얼리버드,2025-06-12 05:06:23.177822,Quaerat tenetur cum eum minus pariatur. Saepe dolorem velit odio.
110,16,황수진,925604,얼리버드,2025-06-08 09:49:42.156478,Quisquam placeat id hic. Quaerat qui dolorum ipsum.
6,11,김예지,430460,슈퍼후원,2025-06-08 05:55:08.222482,Expedita corrupti accusantium. Corrupti ex vel fugiat.
176,3,김지훈,447080,일반,2025-06-10 18:03:30.501240,Pariatur hic aperiam quod provident. Sit officia pariatur distinctio saepe autem omnis explicabo.
238,10,김지은,572464,VIP,2025-06-06 09:49:11.367999,Error animi quis quisquam. In error esse mollitia aliquid eligendi reiciendis tempore.
58,13,이경희,10152,일반,2025-06-06 17:37:16.712847,Odit ut quod neque iusto eum eaque id. Saepe assumenda aspernatur quasi.
219,7,이영환,794960,얼리버드,2025-06-06 14:58:39.455490,Expedita labore fugiat quas provident. Magni dolor ducimus deserunt.
46,27,강영호,745282,일반,2025-06-07 21:35:19.652447,Quia culpa accusantium laborum sint adipisci.
183,10,박하은,767123,슈퍼후원,2025-06-06 16:55:07.536167,Assumenda modi ex omnis asperiores eveniet incidunt.
222,14,배진호,641301,슈퍼후원,2025-06-10 04:27:17.222154,Nemo consectetur quasi veniam vero. Aliquam expedita natus praesentium quibusdam adipisci in.
290,23,성도윤,651321,슈퍼후원,2025-06-08 15:02:43.129632,Expedita dolor provident totam quis. Corporis voluptas doloremque ipsam libero.
212,24,김현준,179185,VIP,2025-06-07 10:20:03.794761,Voluptatibus nemo repudiandae vel. Minima a mollitia assumenda ipsa sint soluta.
149,23,이준서,714959,일반,2025-06-08 23:33:48.950861,Ducimus quam voluptates voluptatibus similique aliquid. Dolores libero natus.
166,10,김성민,419265,슈퍼후원,2025-06-12 02:38:24.333168,"Quidem deleniti cum architecto nemo ad.
Commodi tempora a."
79,20,박유진,420565,얼리버드,2025-06-10 14:43:22.173748,Eum adipisci voluptas. Odio ipsam dicta corporis. Libero quidem esse vitae libero.
114,14,이성호,55178,얼리버드,2025-06-06 21:57:15.141968,Fugit omnis vitae fuga ipsa et. Et reiciendis amet modi.
250,24,김현숙,323976,얼리버드,2025-06-06 23:52:15.833268,Aliquid tenetur qui sunt laudantium reiciendis. Adipisci possimus assumenda debitis.
251,7,최영식,75757,일반,2025-06-11 08:58:26.284825,Sapiente qui veritatis soluta. In deserunt placeat minima possimus.
105,18,이도현,717514,일반,2025-06-11 09:43:00.687193,Officia in nam. Dicta incidunt tenetur ex similique quis veniam. Explicabo impedit voluptas cumque.
43,6,이영자,120178,얼리버드,2025-06-07 16:34:46.602837,Omnis inventore tempore quae corrupti est a dolor.
282,2,노영순,485323,얼리버드,2025-06-09 04:40:22.732402,Ipsa reprehenderit vero ex sunt cupiditate. Iure sunt debitis amet commodi voluptatum.
296,4,김현준,997864,일반,2025-06-09 20:14:58.920635,Alias voluptate harum veniam. Quos quia eligendi officiis tenetur nihil.
158,14,윤예은,256732,슈퍼후원,2025-06-10 13:36:17.343980,Voluptates aut alias quasi aliquid magni ex. Suscipit delectus nemo est maxime facere praesentium.
239,29,이영숙,13022,얼리버드,2025-06-08 02:21:26.916167,Dolores occaecati odio quo.
18,21,안준호,767621,슈퍼후원,2025-06-08 21:08:14.970994,Eum optio sunt ex.
165,4,노은영,275963,얼리버드,2025-06-11 10:39:40.964427,Fuga minima ut expedita. Eum quaerat aliquam minima repellendus sint.
34,17,김정순,767987,VIP,2025-06-11 15:03:05.195642,Quo repellat odio et illo. Nihil atque voluptatibus voluptatibus quisquam.
25,2,김은서,810329,슈퍼후원,2025-06-10 23:55:48.293702,Facilis aperiam repellendus eum.
216,30,이영자,187159,슈퍼후원,2025-06-10 17:30:24.367682,Quae a perferendis atque. Nemo velit quas at. Nam illum perferendis in.
120,29,김미숙,447025,얼리버드,2025-06-09 04:43:47.575206,Neque quod nemo suscipit impedit. Possimus debitis magnam nulla deleniti blanditiis.
8,15,서현주,517786,일반,2025-06-08 06:28:30.483724,Voluptatibus aperiam pariatur impedit minima. Voluptas voluptatum aspernatur itaque.
91,6,박하윤,275079,얼리버드,2025-06-08 14:30:04.026548,Recusandae optio porro. Culpa itaque praesentium culpa suscipit quibusdam maiores.
47,1,서지현,309234,슈퍼후원,2025-06-09 06:33:26.737249,Repudiandae animi tenetur aliquam nihil sed.
74,26,이경수,75006,슈퍼후원,2025-06-11 18:38:14.405908,A accusamus rem perferendis aliquid eaque illo. Dolores officia quis.
94,30,김현우,347911,얼리버드,2025-06-07 20:09:26.594220,Beatae maxime cumque consectetur.
77,19,안영진,306585,일반,2025-06-07 09:41:57.241713,Cum rerum ut mollitia architecto recusandae vero.
287,6,김건우,439288,슈퍼후원,2025-06-10 11:58:42.986889,Consequatur nesciunt labore inventore at eaque eligendi doloremque. Quos vero nobis aliquam.
61,22,유지은,978022,VIP,2025-06-07 04:17:49.269863,Dicta nulla ex aliquid beatae. Voluptate necessitatibus occaecati eveniet esse quas.
78,1,이은정,204569,VIP,2025-06-07 23:04:09.737627,Occaecati fugiat magnam eaque ducimus recusandae. Eum saepe suscipit deserunt fugiat.
64,1,이현지,635143,VIP,2025-06-08 09:00:11.290796,Dolorem voluptatum voluptatibus dolores ratione.
235,12,김현우,763853,슈퍼후원,2025-06-07 19:30:29.265916,Dolorem eaque dolorem fugiat. Aliquam temporibus animi iusto.
230,5,서준영,999581,VIP,2025-06-10 14:04:03.791166,Ab iure id magnam doloribus ab atque.
112,1,권진우,852608,슈퍼후원,2025-06-09 10:18:36.459984,At at veritatis ratione. Neque doloribus ad at maxime quasi omnis voluptates.
232,6,김현주,419392,VIP,2025-06-07 12:18:38.097006,Quo corporis harum omnis. Praesentium tempore quidem veritatis reprehenderit praesentium laborum.
181,6,허정호,427259,일반,2025-06-06 12:06:08.079164,Eius vitae illum quas deleniti recusandae consequuntur omnis. Beatae quis nisi recusandae.
145,5,최은주,508143,VIP,2025-06-10 23:04:57.420612,Tempore veniam asperiores. Tempore voluptatibus quos autem soluta voluptatum maxime.
240,8,윤서영,560511,얼리버드,2025-06-09 17:52:16.808874,Itaque doloremque facilis id ex.
76,13,이성현,449813,VIP,2025-06-11 20:54:32.351872,Et ex sed reprehenderit hic. Placeat aspernatur eveniet vitae vel recusandae.
298,17,이보람,604400,슈퍼후원,2025-06-10 12:15:11.020011,Cupiditate porro iusto doloremque pariatur.
279,21,김성호,35425,얼리버드,2025-06-10 10:52:27.914596,Dolor rerum veritatis ullam sequi libero. Accusamus sapiente atque.
98,29,김성수,232719,VIP,2025-06-06 16:05:32.650410,Asperiores voluptates assumenda numquam sapiente laboriosam. Animi illum facere nostrum magni.
93,5,김아름,920801,슈퍼후원,2025-06-08 06:01:33.600013,Laboriosam et neque quae. Impedit occaecati quaerat qui.
193,23,김민석,366393,슈퍼후원,2025-06-10 16:35:56.680724,Aliquam similique enim officia.
26,30,한유진,273703,얼리버드,2025-06-06 17:29:36.741728,Optio laboriosam fugiat nulla nostrum totam. Maxime officiis explicabo doloremque.
233,28,최하은,177273,슈퍼후원,2025-06-08 01:58:12.986386,Corrupti cumque natus quos debitis corporis quis.
60,22,김지민,657128,일반,2025-06-09 10:57:32.923420,Eveniet nostrum pariatur earum natus cum debitis.
7,3,박영일,630367,얼리버드,2025-06-09 02:18:56.336505,Iusto corrupti praesentium. Pariatur possimus quibusdam. Doloribus enim quam.
186,22,박지훈,958281,일반,2025-06-07 06:43:04.325704,Iure praesentium fugit quod. Ab unde tenetur. Est recusandae ex minima reprehenderit odit libero.
174,9,황경숙,797490,VIP,2025-06-07 05:16:43.859098,Beatae quisquam ea laboriosam. Magni animi vel dignissimos nemo id dignissimos distinctio.
31,17,이민서,61884,일반,2025-06-08 14:07:55.258600,Distinctio reiciendis laudantium vel sequi dolorum.
23,24,김예준,311027,VIP,2025-06-11 18:26:17.304577,Sed fuga sed. Dolor praesentium sint.
257,27,김상철,65602,일반,2025-06-06 11:05:48.249317,Nemo iure eaque placeat amet. Accusantium accusantium corporis assumenda dolor maiores.
57,21,백명자,152402,VIP,2025-06-09 22:27:57.609853,Ratione reprehenderit corporis deserunt error dicta natus. Consequatur ut quia hic.
187,17,김민재,713588,VIP,2025-06-08 21:50:14.367713,Atque aliquid consectetur maiores illum repellendus rem.
109,12,김영숙,570893,슈퍼후원,2025-06-07 07:39:39.803787,Similique vel eligendi doloremque. Explicabo quos alias eius harum.
127,6,오영식,580916,VIP,2025-06-11 07:23:02.327424,Sit eligendi velit provident. Nemo voluptatibus possimus.
231,16,신민수,61182,얼리버드,2025-06-08 02:27:20.806024,Iusto enim aperiam sint facere nulla. Optio sunt pariatur doloribus perspiciatis similique id.
194,13,송은경,868318,일반,2025-06-07 08:28:08.419253,Hic maiores enim quia numquam aperiam. Molestias illum illum.
130,27,양정훈,648921,일반,2025-06-06 19:50:19.682334,Sapiente eligendi velit magni mollitia repellat. Quos excepturi sequi sed vel.
283,6,최영길,610683,얼리버드,2025-06-11 05:09:43.005341,Veniam id recusandae deserunt perspiciatis. Hic debitis iure tempora ad assumenda.
83,16,이은지,75008,얼리버드,2025-06-09 22:33:16.990360,Consectetur ab sunt illo dignissimos soluta quia quis. Possimus facere et deleniti.
85,30,이영환,488992,일반,2025-06-10 14:35:47.395884,Qui omnis ratione. Fugit necessitatibus amet quam similique voluptas doloremque.
67,23,김정순,245586,VIP,2025-06-12 03:27:23.100617,Officiis saepe commodi alias praesentium quidem amet ipsa. Corrupti vero aliquid beatae.
289,17,이광수,799280,슈퍼후원,2025-06-11 13:07:36.901498,Optio expedita voluptate cupiditate repellendus sunt quo.
164,10,박지후,745256,슈퍼후원,2025-06-08 10:58:37.435080,Numquam possimus sed iure illo saepe labore. Quia ex error iusto.
155,9,장정훈,531132,얼리버드,2025-06-08 22:33:34.558158,Voluptate esse facere. Quae facilis eveniet facilis ullam.
20,1,윤병철,663682,슈퍼후원,2025-06-10 00:09:35.753053,Quia ea atque reiciendis saepe reiciendis dolorum. Sunt consectetur possimus earum.
125,23,김예은,947712,슈퍼후원,2025-06-09 14:14:20.519826,Voluptatum odio labore. Tempora expedita nam minima eos veritatis.
80,15,곽지원,942251,얼리버드,2025-06-09 21:16:29.507401,Ea quae at hic voluptas eum. Non odit inventore fugiat reiciendis libero ex ab.
115,22,이지후,642589,VIP,2025-06-08 20:49:54.520731,Corrupti voluptatum iure porro iusto. Voluptates quisquam cumque dignissimos.
119,26,이진호,177231,VIP,2025-06-07 00:43:43.898480,Nisi dolores veritatis illum dolorum non alias ea. Placeat voluptatibus enim sint.
73,21,권지혜,246465,일반,2025-06-07 08:30:15.440551,Sint culpa totam eaque. Fuga officia earum facere quasi repellat minima.
16,22,김숙자,109488,VIP,2025-06-09 19:47:42.759144,Laboriosam consequuntur qui atque sint sed. Praesentium odio aspernatur quod labore odit natus.
11,22,김혜진,108791,VIP,2025-06-08 15:26:56.963835,"Saepe perferendis debitis assumenda repudiandae cupiditate qui.
Cum ipsum voluptate eaque."
195,12,최진호,507391,일반,2025-06-09 21:39:54.227270,Molestias alias ipsum asperiores. Laudantium repellat ad id. Nisi optio porro odit sint a maxime a.
102,18,박광수,518715,VIP,2025-06-09 20:19:21.548357,Laborum totam eius eius.
69,1,강지영,401518,VIP,2025-06-06 09:36:27.727398,Harum quos odit tenetur rerum laudantium dolorem. Quidem tempora est expedita expedita.
225,11,한건우,804386,슈퍼후원,2025-06-09 09:54:35.024398,Sunt recusandae animi libero blanditiis libero fuga.
38,8,김보람,358729,일반,2025-06-10 12:06:34.592941,Voluptas minus recusandae sequi perferendis iusto. Vel unde voluptatibus sunt iusto voluptate.
17,21,김혜진,187664,얼리버드,2025-06-06 20:18:28.649239,Provident tempora eveniet voluptatem ea. Placeat quaerat odio nisi.
180,30,이예은,39960,일반,2025-06-08 23:44:24.213901,Eaque nemo quae perspiciatis nulla aliquam. Nisi ipsum illo. Voluptates excepturi neque.
148,4,박성호,837263,일반,2025-06-06 10:56:21.600922,Laboriosam debitis voluptatibus adipisci tempora.
275,17,장성호,877168,슈퍼후원,2025-06-10 20:32:18.100130,Neque ex maxime deleniti non rem excepturi. Velit quaerat assumenda tempore.
68,5,황춘자,894993,일반,2025-06-11 16:28:37.915044,Est veritatis sapiente. Beatae iusto debitis nobis error.
229,8,최수진,943465,일반,2025-06-07 20:59:11.677964,Architecto mollitia officiis quisquam. Cum mollitia rerum.
70,30,심은서,780299,VIP,2025-06-07 16:24:01.419188,Maxime assumenda qui ea. Nisi similique delectus iste eligendi nisi molestias.
32,11,지승민,81545,얼리버드,2025-06-08 01:24:50.767188,Rem libero quos tenetur. Ut quos vel. Facilis facilis eius ipsa occaecati iste molestiae.
184,19,서종수,23299,VIP,2025-06-08 18:14:37.951349,Quos nam error. Fugiat laborum non.
266,9,김지민,53228,VIP,2025-06-12 07:48:51.721013,"Vero magnam animi officiis animi.
Officiis a deleniti illum officiis nisi fugit."
226,16,권지우,856600,일반,2025-06-10 06:17:57.571166,Tempore mollitia fugiat non illo vero modi mollitia. Dolor cupiditate nam omnis iusto.
141,4,박명자,392072,일반,2025-06-06 15:21:49.763913,Unde dolorem adipisci fugit. Voluptatum neque ex sed. Dolore iure rem dolores aut numquam itaque.
19,20,황영환,997123,VIP,2025-06-06 22:37:06.039999,Distinctio accusantium iste accusamus nam cumque.
182,7,김우진,695469,VIP,2025-06-08 12:42:29.185223,Soluta vero placeat. Expedita sit quidem dolore repellendus pariatur.
97,17,김서준,661346,얼리버드,2025-06-10 11:50:36.480394,Quisquam aliquid vitae dolorem beatae. Quidem unde tenetur veritatis repellendus ipsum.
133,17,장진우,911655,얼리버드,2025-06-11 18:42:23.618355,Amet corporis vitae voluptates eius perferendis. Recusandae mollitia et culpa beatae.
263,28,윤경수,772927,얼리버드,2025-06-09 21:55:13.787214,At sed expedita optio error itaque voluptas. Recusandae illum amet adipisci consequatur.
87,20,허미경,608840,슈퍼후원,2025-06-11 21:52:22.096529,"Iusto quaerat nulla voluptas.
Dolorum quos aut adipisci. Ipsum facere pariatur beatae eveniet quo."
249,8,박시우,395714,슈퍼후원,2025-06-07 15:23:52.737297,Quia veritatis optio nobis repellat accusantium. Ex doloremque minima unde occaecati.
246,5,박아름,771497,얼리버드,2025-06-06 17:08:30.146012,Corrupti porro neque quod. Itaque dicta facilis dolorem perspiciatis porro repellendus.
117,2,최예준,173339,슈퍼후원,2025-06-08 06:17:59.210784,Soluta quam necessitatibus quidem ducimus illum esse veritatis. Nam facere ad.
147,24,김서윤,815880,일반,2025-06-08 19:19:40.056790,Minima dignissimos aut fugit quidem natus. Vero earum molestias ex hic.
293,3,황도윤,396753,VIP,2025-06-09 15:10:47.512460,Quidem sapiente quas illum quo. Perspiciatis delectus facilis accusantium delectus nobis.
198,28,황서윤,692582,VIP,2025-06-07 13:18:28.251667,Quo ea hic exercitationem maxime alias. Quos est quod tempora impedit.
207,5,권예은,718430,얼리버드,2025-06-09 01:05:02.116016,Quos assumenda harum voluptatibus cupiditate. Voluptates amet occaecati deserunt.
56,23,지은서,308841,슈퍼후원,2025-06-11 13:21:41.655478,Aliquid adipisci iure. Rem pariatur ex exercitationem repellat incidunt.
173,1,남진우,228818,얼리버드,2025-06-07 09:25:47.129647,Aliquam distinctio officia iure. Excepturi explicabo nisi animi quo.
185,8,신도윤,168578,VIP,2025-06-07 01:17:46.405843,Suscipit quasi delectus autem accusamus beatae. Sunt esse laudantium.
168,12,이현주,242213,VIP,2025-06-07 16:01:26.297738,Eum debitis qui error. Temporibus esse aperiam quae.
140,3,김진호,400619,슈퍼후원,2025-06-10 04:10:03.344909,Odit quia eius earum dignissimos earum voluptate. Veritatis iste atque.
254,7,이준호,79097,슈퍼후원,2025-06-10 11:15:16.491320,Possimus iusto cumque eum.
39,19,박영철,862935,VIP,2025-06-07 04:28:38.976645,Eaque officia ratione sed laudantium. Modi blanditiis explicabo rerum odio est.
126,13,이지연,305087,얼리버드,2025-06-10 01:53:34.117362,Veritatis harum quisquam assumenda facere nobis repellendus non. Hic omnis vitae dignissimos.
196,10,박은지,551904,슈퍼후원,2025-06-08 23:46:16.923705,Neque voluptates laboriosam similique illo similique sed.
284,30,고정웅,973206,일반,2025-06-09 17:30:25.940622,Distinctio maiores neque a aut error. Voluptatum deserunt placeat vel itaque impedit pariatur.
138,28,전준호,765475,슈퍼후원,2025-06-11 07:50:25.689510,Blanditiis aliquam beatae sapiente. Maxime nulla autem nihil eveniet vero ut.
113,18,박춘자,578093,VIP,2025-06-07 06:19:40.326814,Illo ad odio quia. Veritatis minus deleniti reiciendis ducimus voluptatem.
169,18,송옥자,266934,VIP,2025-06-12 08:27:50.324435,Ut non necessitatibus inventore assumenda sit quae. Magni dolorum deleniti culpa.
118,14,고채원,191150,얼리버드,2025-06-11 19:59:44.732469,Vitae fuga quidem natus sunt tenetur corrupti adipisci.
278,21,이아름,143885,슈퍼후원,2025-06-07 05:08:38.073036,Recusandae dignissimos quam fugit blanditiis dolorum. Sint maxime beatae saepe architecto.
272,14,황정숙,733300,슈퍼후원,2025-06-07 19:41:57.987844,Unde nesciunt nulla quam. Quo voluptate dolorum accusamus quibusdam.
156,26,박보람,447633,일반,2025-06-10 02:45:36.259465,Maxime atque neque aspernatur atque. Repellendus numquam modi accusamus rerum nesciunt tempore.
177,28,박영환,494757,일반,2025-06-08 07:17:39.039944,Unde numquam esse aperiam. Blanditiis ipsam quibusdam ex.
179,19,권정희,208759,일반,2025-06-09 10:53:25.077366,Cum rerum ab corrupti. Dicta commodi ut. Ad nobis dolorum laboriosam magnam deserunt velit.
3,10,윤도현,645877,일반,2025-06-07 15:36:23.992988,Alias eos blanditiis accusamus. Vitae ea possimus a voluptate consectetur.
116,7,서미경,451756,슈퍼후원,2025-06-07 15:40:49.328613,Facere iusto illo molestias quidem neque. Quos cum maiores eaque voluptatibus.
144,22,김승현,346335,VIP,2025-06-10 06:32:33.029657,Expedita vitae non vero magni dolorum. Quos officiis a unde error asperiores voluptates.
178,9,김지후,107172,슈퍼후원,2025-06-07 02:52:26.464114,Enim iste distinctio placeat ex perferendis dolore.
121,29,장예원,262740,슈퍼후원,2025-06-08 06:16:18.314811,Nisi omnis eum consequuntur voluptatibus. Nam doloribus voluptatum.
211,2,김상현,71597,일반,2025-06-10 05:34:47.040151,Inventore deleniti magnam assumenda nihil. Aliquid ducimus voluptatibus. Commodi tenetur non quo.
261,10,김경희,48896,얼리버드,2025-06-11 16:08:03.081043,Fuga molestias voluptatibus possimus. In nostrum reiciendis totam consequatur.
128,8,장지은,307375,VIP,2025-06-11 00:06:14.354601,Magnam vitae debitis sit amet. Repellat exercitationem saepe sint impedit. Dicta ea laborum.
75,5,황준영,405188,VIP,2025-06-09 11:01:46.111263,Distinctio eum est ad quae adipisci. Praesentium fugit repellendus suscipit vero ullam.
30,7,이혜진,746459,VIP,2025-06-09 07:57:05.860502,Corporis non deserunt. Distinctio deserunt perspiciatis praesentium.
84,26,임영환,589785,일반,2025-06-09 09:44:22.313524,Ad error sit porro optio quia porro.
270,28,김영일,902301,일반,2025-06-09 17:06:44.603794,Facilis sed provident magni illum fugit repudiandae. Laborum error officia tempore quod fuga vitae.
108,24,김영호,616630,얼리버드,2025-06-10 01:00:25.668658,Mollitia quibusdam atque ab. Doloremque impedit tempore eligendi molestiae officia nam.
224,19,박상호,723615,VIP,2025-06-08 21:30:50.502661,Commodi sequi occaecati.
159,1,손성호,791428,일반,2025-06-06 10:58:07.754628,Ducimus maiores ex odit. Est architecto expedita modi ab provident. Eius quo fugit animi odio aut.
281,16,이종수,744118,VIP,2025-06-08 22:12:38.054993,Amet expedita id a atque fugiat. Impedit cum magni sapiente.
247,7,최도윤,845115,VIP,2025-06-09 21:17:03.433134,Facilis voluptas est ipsum cumque deleniti. Fuga soluta eaque dignissimos.
223,16,장지후,288068,VIP,2025-06-08 21:33:24.388019,Error occaecati similique minus. Repudiandae sunt neque consequuntur. Minima ut provident maiores.
66,4,김성현,858878,슈퍼후원,2025-06-07 01:50:46.256105,Nihil ab magni sed illum maiores. Incidunt ipsum eius numquam.
199,16,나종수,949375,VIP,2025-06-10 21:03:20.050823,Corporis exercitationem reiciendis.
86,3,박민재,751376,일반,2025-06-11 12:48:15.029119,Distinctio amet laboriosam inventore. Sequi necessitatibus eaque fugit.
214,27,김수빈,718347,얼리버드,2025-06-11 02:31:01.178118,"Illo quasi ducimus nihil blanditiis.
Quas nemo ipsa. Beatae molestias vel nisi."
160,10,박채원,281566,VIP,2025-06-11 21:54:34.846373,Beatae officia eaque dolores nobis. Corrupti unde fuga. Nihil magnam ratione porro.
13,29,이영환,382747,슈퍼후원,2025-06-10 03:57:45.138354,Autem iure animi velit aliquid. Praesentium ipsam eius occaecati fugiat harum.
36,25,배상훈,875949,일반,2025-06-09 18:14:04.238304,Minima enim incidunt. Libero aliquam voluptates optio perferendis ratione nulla.
29,12,백상철,795847,일반,2025-06-12 02:14:27.108239,Placeat quasi sunt aperiam rem necessitatibus. Perspiciatis placeat ad repudiandae.
143,15,강현지,269210,일반,2025-06-07 13:50:10.460931,Repudiandae officiis esse repudiandae doloremque. Vitae totam optio impedit delectus incidunt.
285,3,홍명숙,125283,VIP,2025-06-08 08:23:56.815164,Voluptas necessitatibus odit nesciunt veritatis sed sit. Atque est at soluta voluptatem architecto.
255,7,류하은,313446,VIP,2025-06-07 22:50:18.137677,Tempora minima neque fuga. Possimus expedita dolores asperiores fuga. Nostrum ipsam odio.
171,2,한지원,364421,일반,2025-06-06 22:55:33.690743,Delectus vel esse vero sint. Quibusdam neque commodi sunt placeat natus.
52,24,김지현,546238,슈퍼후원,2025-06-07 03:32:14.858160,Rerum atque molestias molestiae. Non cum consectetur perspiciatis.
96,4,박경숙,713253,슈퍼후원,2025-06-10 07:08:39.166660,Doloremque officia dolor aperiam vel ut sit ducimus. Omnis beatae nobis ullam ut praesentium.
209,16,강경자,980457,슈퍼후원,2025-06-11 16:35:20.119895,Quia omnis autem iste ex. Nemo deleniti praesentium earum nihil ab.
248,28,김상호,976743,VIP,2025-06-12 06:31:11.475855,Asperiores blanditiis nihil nam. Sapiente esse quos.
42,12,윤우진,67668,얼리버드,2025-06-10 20:12:55.042076,Eos error sequi commodi laborum. Libero porro quis eligendi eaque beatae.
90,3,곽민재,847397,VIP,2025-06-08 14:48:25.150167,Deleniti laborum recusandae reprehenderit ex libero odit. Molestias eos ipsa ab totam libero ipsam.
245,1,김수민,744888,일반,2025-06-10 16:14:40.007459,Sint quia numquam. Neque architecto maxime minima.
137,15,김수진,468548,얼리버드,2025-06-08 05:22:47.447880,Ad nemo nobis molestias fugiat recusandae aspernatur. Fugiat illo totam modi minima.
27,18,하경자,29366,VIP,2025-06-10 14:18:20.941556,Minus adipisci modi accusantium ipsa doloremque earum.
294,24,이순자,23202,VIP,2025-06-10 08:51:35.674878,Rerum cumque repudiandae nesciunt suscipit eum inventore. Asperiores perferendis occaecati.
142,16,최정희,177598,슈퍼후원,2025-06-06 09:32:58.686882,Id consectetur magni explicabo eveniet delectus quia. Quaerat delectus ut aut.
201,28,박윤서,643248,VIP,2025-06-11 01:06:10.152115,Sed quaerat culpa debitis dolorum inventore accusantium. Eius quasi asperiores at molestias.
1,30,이진호,305240,슈퍼후원,2025-06-09 23:46:23.033576,Aut labore incidunt quia quo. Nobis facilis enim odit. Dolore molestiae doloribus.
269,15,박예지,735747,일반,2025-06-07 20:04:15.068641,Recusandae odit rem officia. Magnam odit nostrum totam dolorum veniam. Impedit et dolorem.
273,4,최정훈,911719,슈퍼후원,2025-06-06 14:42:58.338641,Quibusdam incidunt eaque ipsa. Eos esse accusamus quod.
101,12,박성현,887886,일반,2025-06-09 23:23:25.056657,Est eligendi veritatis nemo adipisci eveniet. Autem non consequuntur ad.
260,30,장민수,108866,일반,2025-06-06 15:45:56.763734,Aperiam labore ea cumque a quo blanditiis expedita. Culpa recusandae consequatur. Harum et non cum.
256,3,김현숙,239662,VIP,2025-06-10 11:39:41.301109,Porro odio vel aut saepe. Delectus soluta dicta cupiditate neque iste aspernatur corrupti.
172,25,신지혜,244493,일반,2025-06-06 19:38:46.840888,Qui autem eius numquam laborum earum suscipit esse.
99,1,박지아,371451,일반,2025-06-10 10:25:24.247516,Alias excepturi ab eos. Odio earum dolores hic facilis.
37,7,류수민,635128,슈퍼후원,2025-06-10 16:55:17.333188,Odit quia ex vitae. Mollitia animi at unde in.
62,13,김은정,876075,일반,2025-06-07 18:02:36.225365,Non corrupti dolore cum corporis. Modi laboriosam autem assumenda modi.
151,24,김정훈,133721,일반,2025-06-06 13:38:47.865486,Laudantium inventore repudiandae magnam quam sed vel. Eos eius dolorem nobis fugiat.
237,8,이경자,736454,슈퍼후원,2025-06-10 09:45:17.379354,Delectus perferendis reiciendis velit voluptatem quia ex. Nostrum sed enim provident omnis nisi at.
203,12,박영수,770293,얼리버드,2025-06-08 06:19:47.980317,Officia aspernatur minus debitis dicta. Unde inventore laboriosam.
243,20,장영호,651550,일반,2025-06-11 16:09:19.658904,Quo minima vitae soluta eaque possimus.
12,17,남준호,569254,슈퍼후원,2025-06-09 14:32:27.924085,Atque minima modi quas. Corporis sint nam corrupti a.
297,12,조서현,763035,VIP,2025-06-11 14:15:52.444199,Aliquid explicabo veritatis ut optio.
268,9,박옥순,991136,슈퍼후원,2025-06-09 10:56:05.293116,Officiis aspernatur odio sunt voluptas. Alias nostrum dolore maxime recusandae placeat cupiditate.
28,29,홍지민,689575,VIP,2025-06-07 19:49:34.059733,Asperiores ipsam sint itaque temporibus vel quasi.
220,30,김영식,67523,얼리버드,2025-06-10 07:46:20.725394,Magni quia sit tempora. Id sequi fuga a quis quisquam possimus.
5,6,최재현,838207,얼리버드,2025-06-07 00:29:39.604434,Numquam quo quidem tenetur facilis. Qui amet nulla praesentium natus at totam.
123,4,안민수,611647,슈퍼후원,2025-06-07 00:54:25.295214,Quasi consequatur unde eum. Quidem deserunt sit fugiat recusandae nobis aperiam modi.
33,9,이숙자,950007,VIP,2025-06-12 03:45:00.609390,Nemo voluptatum qui enim. Assumenda ut autem culpa.
205,21,이정식,453894,얼리버드,2025-06-08 04:15:21.187104,Unde minima sed quae iste incidunt saepe quasi. Eaque nisi repudiandae mollitia.
163,10,최지은,767494,일반,2025-06-08 12:05:43.480074,Accusamus molestiae animi laboriosam. Sed quo modi nisi.
210,9,강옥자,632266,VIP,2025-06-09 11:04:27.570673,Ad at quibusdam ipsam quo atque tempore. Commodi beatae eveniet.
286,4,강정희,590355,일반,2025-06-10 18:32:33.434250,Eligendi debitis explicabo sed. Facilis hic dolore distinctio.
139,23,박미정,576845,얼리버드,2025-06-11 13:03:54.824246,Iure ratione nam voluptatibus.
63,15,이승민,177509,슈퍼후원,2025-06-10 06:42:38.810572,Laborum saepe ipsum. Doloremque quos laborum debitis in officia molestiae.
136,18,박미숙,789549,VIP,2025-06-11 18:33:29.391687,At quaerat perferendis libero. Quidem rem recusandae.
