user_id,username,email,birth_year,gender,timezone,created_at
1,donghyeongim,geonu71@example.org,1999,여성,Europe/London,2023-08-12
2,gimseunghyeon,ijieun@example.org,1993,남성,America/New_York,2023-09-15
3,rgim,seoyeongca@example.org,1981,여성,Europe/London,2025-03-03
4,gimyeeun,ko@example.org,1996,남성,Asia/Seoul,2024-08-24
5,ri,yeeun13@example.net,2003,남성,Europe/London,2024-02-10
6,seoyeoni,ijaeho@example.com,1985,여성,America/New_York,2023-07-01
7,jeongsuni,jeongsujin@example.com,1994,남성,Europe/London,2025-05-20
8,fgang,osanghun@example.com,1985,남성,America/New_York,2023-10-04
9,kgim,hanminjun@example.org,1996,남성,Asia/Seoul,2024-11-05
10,minseogbag,sanghun96@example.net,2001,여성,America/New_York,2024-12-23
11,cu,minseoha@example.com,1993,여성,Asia/Seoul,2023-11-30
12,jiyeong42,gimjunyeong@example.net,2005,여성,Asia/Seoul,2023-10-19
13,jaehogim,yeongsungwag@example.net,1990,여성,Europe/London,2025-04-06
14,ano,bagjunseo@example.org,1985,남성,America/New_York,2025-02-06
15,songjinho,wbag@example.org,1997,여성,Asia/Seoul,2025-03-06
16,minjuno,knam@example.net,1992,남성,Europe/London,2023-12-26
17,gweonhyeonjun,junho94@example.net,1981,여성,Europe/London,2023-12-16
18,gimareum,minseo97@example.net,1985,남성,Asia/Seoul,2024-03-07
19,minsubag,ohan@example.com,1997,남성,Europe/London,2024-07-27
20,jueungyeong,ryusugja@example.org,1999,여성,Europe/London,2024-07-03
21,pbae,donghyeonheo@example.org,1984,여성,Europe/London,2023-11-15
22,junho47,ygim@example.net,1997,남성,Europe/London,2023-08-07
23,jaehyeon14,baegboram@example.org,2005,여성,Asia/Seoul,2023-06-03
24,ai,yeeun22@example.net,1986,남성,America/New_York,2024-02-06
25,iyejin,ncoe@example.net,1992,여성,Europe/London,2023-10-30
26,jogyeongja,minseo59@example.org,1981,남성,America/New_York,2023-09-24
27,tbaeg,jeonjeonghun@example.org,1984,남성,Asia/Seoul,2024-06-02
28,sanghocoe,jimin51@example.net,1980,남성,Europe/London,2025-05-05
29,cunja86,songyujin@example.net,1984,여성,America/New_York,2024-06-29
30,hyeonsugi,jiweon81@example.org,2000,여성,Europe/London,2024-04-04
31,seonyeongi,jihye04@example.net,1997,남성,America/New_York,2024-06-16
32,minjungang,miyeong15@example.net,2003,남성,Europe/London,2024-01-22
33,areumi,minseo98@example.net,2000,남성,America/New_York,2024-05-15
34,minji95,ieunju@example.net,1993,여성,Asia/Seoul,2025-03-27
35,wi,yeongsu63@example.org,1996,여성,America/New_York,2024-02-06
36,yeongho28,hi@example.net,1984,여성,America/New_York,2024-06-21
37,gyeongja97,ogjahan@example.com,1988,남성,America/New_York,2023-11-11
38,pbag,yeonghyi48@example.net,1991,남성,Asia/Seoul,2024-11-03
39,seungmini,yeeuni@example.com,1985,남성,America/New_York,2024-09-18
40,junho64,hayunbag@example.net,2002,여성,America/New_York,2024-02-08
41,seongjin36,qjang@example.net,2003,여성,America/New_York,2024-09-04
42,dohyeonsong,sgim@example.com,2003,남성,America/New_York,2024-12-27
43,gimyejun,zgim@example.com,1989,남성,Europe/London,2025-01-24
44,ryusanghun,ngo@example.net,2001,여성,Europe/London,2023-11-19
45,areum08,jihu10@example.org,2005,여성,Asia/Seoul,2023-08-02
46,iminsu,hi@example.com,1996,남성,Asia/Seoul,2024-01-04
47,gimseongsu,kgim@example.net,2005,남성,Europe/London,2024-02-29
48,nyun,agim@example.com,1986,여성,America/New_York,2025-03-27
49,qgim,cyang@example.com,1980,남성,America/New_York,2024-10-11
50,gimjeongho,fgim@example.com,1988,남성,Asia/Seoul,2024-05-10
51,yeongmii,seojuncoe@example.org,1980,남성,Asia/Seoul,2025-05-29
52,jihyeoni,jumyeongja@example.com,1985,여성,America/New_York,2023-08-18
53,seonghun75,ijunyeong@example.net,1996,여성,America/New_York,2024-09-10
54,gyeongsug51,mundonghyeon@example.net,1986,여성,Europe/London,2024-01-15
55,noyeeun,lson@example.org,1998,여성,Asia/Seoul,2023-07-24
56,mgim,ci@example.com,1989,여성,Europe/London,2025-01-03
57,iyeonghyi,igim@example.com,1980,여성,Asia/Seoul,2024-07-25
58,ki,eunjeonggim@example.com,1996,남성,America/New_York,2024-08-12
59,ohwang,gcoe@example.org,1982,남성,Europe/London,2024-08-26
60,eca,juyejun@example.org,1983,남성,Asia/Seoul,2024-11-17
61,hwangjeongsug,ggang@example.org,2002,남성,America/New_York,2024-06-04
62,uhong,fbaeg@example.com,1992,남성,Asia/Seoul,2023-07-26
63,byeongceolgim,jaeho56@example.org,1984,남성,Europe/London,2024-10-12
64,eunyeong30,rgang@example.com,1981,남성,Europe/London,2024-12-13
65,ijeongja,cahaeun@example.com,2003,남성,America/New_York,2024-12-18
66,gyeongsuggweon,esong@example.net,1990,여성,America/New_York,2024-03-02
67,ogsunim,yeonghyi68@example.net,1999,여성,Europe/London,2025-05-12
68,boram16,gimyeji@example.com,2003,여성,America/New_York,2024-01-27
69,gcoe,sangceol11@example.org,1993,여성,Europe/London,2023-07-07
70,seongminbaeg,igyeongsu@example.org,1987,남성,Europe/London,2024-12-23
71,kjang,ujin51@example.org,1990,여성,Europe/London,2025-05-16
72,ni,jeongsug10@example.net,1999,남성,Asia/Seoul,2023-06-14
73,seonghyeonsong,miyeong84@example.com,1990,여성,Europe/London,2023-08-25
74,coejiyeon,gimbyeongceol@example.net,1988,남성,America/New_York,2023-11-06
75,gimsanghyeon,seonghunan@example.com,2000,남성,America/New_York,2023-10-28
76,baeseonyeong,bagjunhyeog@example.net,1989,여성,Europe/London,2025-04-26
77,sunjagweon,byeongceol46@example.com,1998,남성,America/New_York,2024-01-23
78,jeongho99,bi@example.org,1996,여성,Asia/Seoul,2025-02-05
79,bageungyeong,hgang@example.com,1983,여성,Asia/Seoul,2023-09-03
80,juweon54,ijeongja@example.org,1998,여성,America/New_York,2025-05-26
